authorMeta.avatar,authorMeta.name,text,diggCount,shareCount,playCount,commentCount,videoMeta.duration,musicMeta.musicName,musicMeta.musicAuthor,musicMeta.musicOriginal,createTimeISO,webVideoUrl
https://p19-common-sign-sg.tiktokcdn-us.com/tos-alisg-avt-0068/130efe8a29b88b6716b7c9ee77059279~tplv-tiktokx-cropcenter:720:720.jpeg?dr=9640&refresh_token=fafdaa07&x-expires=1753556400&x-signature=UApjCG6OD5A1rQWG8alqF7uGuK0%3D&t=4d5b0474&ps=13740610&shp=a5d48078&shcp=81f88b70&idc=useast8,pondlovelaser,จับคู่วิตามินไม่สะดวกแก่ วัย 40+ #หนูปอนด์ที่ชอบเลเซอร์ #pondlovelaser #รีวิวบิวตี้ #วิตามิน #อาหารเสริม #สุขภาพ #vitamins ,21100,4916,511400,285,146,เสียงต้นฉบับ - หนูปอนด์ที่ชอบเลเซ่อร์,หนูปอนด์ที่ชอบเลเซ่อร์,TRUE,2025-06-14T13:36:47.000Z,https://www.tiktok.com/@pondlovelaser/video/7515798509199609095
https://p19-common-sign-useast2a.tiktokcdn-us.com/tos-useast2a-avt-0068-giso/2e1f9a16579ab9f42fb52117212fed70~tplv-tiktokx-cropcenter:720:720.jpeg?dr=9640&refresh_token=3ffb8f50&x-expires=1753556400&x-signature=CKymiBrwUF%2FUiQR62jlCN4uyIMo%3D&t=4d5b0474&ps=13740610&shp=a5d48078&shcp=81f88b70&idc=useast8,navellawellness,"5 วิตามินอาหารเสริมที่ทุกคนควรกิน มีอะไรบ้าง? 
.
ดูเต็มๆได้ใน Doctor’s Talk EP 1 
YT ช่อง: Navella Medical and Wellness

.
#DoctorsTalk #ด็อกเตอร์ทอล์ค #หมอเอมมี่ #หมอจิมมี่ #เวชศาสตร์ป้องกัน 
#วิตามินอาหารเสริม",10600,961,252500,54,81,original sound - Navella Wellness,Navella Wellness,TRUE,2024-02-26T11:19:10.000Z,https://www.tiktok.com/@navellawellness/video/7339868662632860946
https://p16-common-sign-useast2a.tiktokcdn-us.com/tos-useast2a-avt-0068-giso/e40e1dac163d96aaf90db595409865da~tplv-tiktokx-cropcenter:720:720.jpeg?dr=9640&refresh_token=11c33e12&x-expires=1753556400&x-signature=%2BHOoVf0zFBwouQqlmDE077%2FGV0o%3D&t=4d5b0474&ps=13740610&shp=a5d48078&shcp=81f88b70&idc=useast8,donutbeautybrains,รวมอาหารเสริม ที่เภสัชจะไม่ซื้อกิน 💊👩🏻‍🔬🧪 #tiktokuni #tiktoklooks #เภสัชกร #สายความรู้ ,229100,16600,4800000,1518,42,ぐだぐだな感じ,yuki,FALSE,2024-03-30T15:02:37.000Z,https://www.tiktok.com/@donutbeautybrains/video/7352172050116578567
https://p16-common-sign-sg.tiktokcdn-us.com/tos-alisg-avt-0068/39ce6d7cc9d7f776133c2a4a5903a796~tplv-tiktokx-cropcenter:720:720.jpeg?dr=9640&refresh_token=65721079&x-expires=1753556400&x-signature=HUvx%2Bkh4y%2F10AaTmbcmdyUt54qE%3D&t=4d5b0474&ps=13740610&shp=a5d48078&shcp=81f88b70&idc=useast8,alatterkung,แมกนีเซียม เหมาะกับใครบ้าง #แมกนีเซียม #แมกนีเซียม5ฟอร์ม #อาหารเสริม #msp #mspwellness #มิราเคิลสยามโปรดักส์ #khonchon ,2053,73,20500,16,56,เสียงต้นฉบับ - คนชล(Khonchon),คนชล(Khonchon),TRUE,2025-07-24T09:56:42.000Z,https://www.tiktok.com/@alatterkung/video/7530585192604503314
https://p16-common-sign-sg.tiktokcdn-us.com/tos-alisg-avt-0068/2d0c5fc93770bfba42b75fd753bbb9e3~tplv-tiktokx-cropcenter:720:720.jpeg?dr=9640&refresh_token=f04dff25&x-expires=1753556400&x-signature=%2FCGEbKLCqcTTp4tugS5wJuZOQ%2FA%3D&t=4d5b0474&ps=13740610&shp=a5d48078&shcp=81f88b70&idc=useast8,nounkanokon,ไม่สะดวกแก่ ต้องลองค่ะ 🍇💖  #bioactive #collagendrink #lovemyself #อาหารเสริม #ดูแลผิว #คอลลาเจน ,22,7,1080,0,48,"Funny video ""Carmen Prelude"" Arranging weakness(836530)",yo suzuki(akisai),FALSE,2025-07-24T11:32:18.000Z,https://www.tiktok.com/@nounkanokon/video/7530609835910565128
https://p16-common-sign-useast2a.tiktokcdn-us.com/tos-useast2a-avt-0068-giso/e40e1dac163d96aaf90db595409865da~tplv-tiktokx-cropcenter:720:720.jpeg?dr=9640&refresh_token=11c33e12&x-expires=1753556400&x-signature=%2BHOoVf0zFBwouQqlmDE077%2FGV0o%3D&t=4d5b0474&ps=13740610&shp=a5d48078&shcp=81f88b70&idc=useast8,donutbeautybrains,แนะนำอาหารเสริมวัย 25-35+ สำหรับสุขภาพดีค่ะ #tiktoklooks #tiktokuni #อาหารเสริม ,38600,1909,728100,321,36,The Funny Bassoon,Eitan Epstein Music,FALSE,2024-02-08T13:41:40.000Z,https://www.tiktok.com/@donutbeautybrains/video/7333225845730954514
https://p19-common-sign-sg.tiktokcdn-us.com/tos-alisg-avt-0068/130efe8a29b88b6716b7c9ee77059279~tplv-tiktokx-cropcenter:720:720.jpeg?dr=9640&refresh_token=fafdaa07&x-expires=1753556400&x-signature=UApjCG6OD5A1rQWG8alqF7uGuK0%3D&t=4d5b0474&ps=13740610&shp=a5d48078&shcp=81f88b70&idc=useast8,pondlovelaser,3 วิตามิน คนงบน้อยต้องทาน #หมอหนูปอนด์ #สาระความรู้ #รีวิวบิวตี้ #อาหารเสริม #วิตามิน #ต้านแก่ #ชะลอวัย #asthaxantin #omega3 #astaxanthin #multivitamin ,49400,4309,1000000,280,81,original sound - Mornoopond - Doctor Pond,หนูปอนด์ที่ชอบเลเซ่อร์,TRUE,2024-05-11T12:30:34.000Z,https://www.tiktok.com/@pondlovelaser/video/7367718452372458770
https://p16-common-sign-va.tiktokcdn-us.com/tos-maliva-avt-0068/a75750d9656b7bb109381a719706451b~tplv-tiktokx-cropcenter:720:720.jpeg?dr=9640&refresh_token=e65d57c3&x-expires=1753556400&x-signature=CikmVmIicLaHREFdspcmbgOurEc%3D&t=4d5b0474&ps=13740610&shp=a5d48078&shcp=81f88b70&idc=useast8,k.gorawit,2 วิตามินเพื่อผู้หญิงโดยเฉพาะ เม็ดเดียวบำรุงทั้งร่างกาย #soygerm #megawecare #เมก้าวีแคร์ #อาหารเสริมผู้หญิง  #วิตามินผู้หญิง #รักสุขภาพ #tiktokuni #เภสัชพี่หมี ,114200,20500,2900000,1760,150,เสียงต้นฉบับ - พี่หมี พี่หมี,พี่หมี พี่หมี,TRUE,2023-06-01T08:07:35.000Z,https://www.tiktok.com/@k.gorawit/video/7239626299893992710
https://p16-common-sign-va.tiktokcdn-us.com/tos-maliva-avt-0068/03fce39ae120722635d5d5ae7b27b183~tplv-tiktokx-cropcenter:720:720.jpeg?dr=9640&refresh_token=9251c104&x-expires=1753556400&x-signature=9M%2BdShAFNdgXEiPyfgbkn9XbaB8%3D&t=4d5b0474&ps=13740610&shp=a5d48078&shcp=81f88b70&idc=useast8,dr.link_dermatologist,"อะ มาตามคำขอ  อาหารเสริมก่อนนอนนน 
ฉบับหมอผิวหนังง  

#อาหารเสริม #สุขภาพดี #แอสต้าแซนธิน #วิตามิน #ผิวดี #skincare ",21200,1489,419700,251,384,original sound - หมอลิ้งเรื่องdermไม่เหมือนเดิม,หมอลิ้งเรื่องdermไม่เหมือนเดิม,TRUE,2024-07-26T06:09:43.000Z,https://www.tiktok.com/@dr.link_dermatologist/video/7395822786733788424
https://p16-common-sign-sg.tiktokcdn-us.com/tos-alisg-avt-0068/7604494af0f3120d4cdbeb0b7e32990f~tplv-tiktokx-cropcenter:720:720.jpeg?dr=9640&refresh_token=67e0de77&x-expires=1753556400&x-signature=%2FTfwPTBs63PLl7Lqefew6IggVsU%3D&t=4d5b0474&ps=13740610&shp=a5d48078&shcp=81f88b70&idc=useast8,dr.ice.beauty,3 วิตามินที่ต้องกินป้องกันความแก่ #dricebeauty #tiktokuni #วิตามิน #อาหารเสริม #ชะลอวัย,26800,3045,687000,343,54,เสียงต้นฉบับ - Dr.Ice.Official,Dr.Ice.Official,TRUE,2024-03-16T11:03:21.000Z,https://www.tiktok.com/@dr.ice.beauty/video/7346915197283568903
https://p16-common-sign-va.tiktokcdn-us.com/tos-maliva-avt-0068/e26869d75998babb4a218d62a382aae1~tplv-tiktokx-cropcenter:720:720.jpeg?dr=9640&refresh_token=5a3f2a1d&x-expires=1753556400&x-signature=n0qMELUjO7s4o%2F4hmLguuyI4UOI%3D&t=4d5b0474&ps=13740610&shp=a5d48078&shcp=81f88b70&idc=useast8,pimpatchj,"3 อาหารเสริม ควรมีติดบ้านสำหรับสาวๆPCOS ค่า
1.แมกนีเซียม
2.โอเมก้า3
3.ไฟเบอร์สูตรเฉพาะ #feelgreat #ถุงน้ำรังไข่หลายใบ #อาหารเสริมสำหรับผู้หญิง #ปรับสมดุลย์ฮอร์โมน ",100000,6857,1500000,266,99,เสียงต้นฉบับ - Pimpatch Jen,Pimpatch Jen,TRUE,2024-11-09T12:33:43.000Z,https://www.tiktok.com/@pimpatchj/video/7435256770718715154
https://p16-common-sign-useast2a.tiktokcdn-us.com/tos-useast2a-avt-0068-giso/a19813b893bb4756c6378fca1f7e2865~tplv-tiktokx-cropcenter:720:720.jpeg?dr=9640&refresh_token=72373659&x-expires=1753556400&x-signature=qlkvxdzTyeeUpJ5%2FyUMqB2VdcLg%3D&t=4d5b0474&ps=13740610&shp=a5d48078&shcp=81f88b70&idc=useast8,ploykan_ph,อาหารเสริมกระแต ลดแรงจนงง ,5,0,783,0,24,Wish (Piano Meme),Carvadelo & Fainal,FALSE,2025-07-23T10:09:02.000Z,https://www.tiktok.com/@ploykan_ph/video/7530217291573677320
https://p16-common-sign-va.tiktokcdn-us.com/tos-maliva-avt-0068/e26869d75998babb4a218d62a382aae1~tplv-tiktokx-cropcenter:720:720.jpeg?dr=9640&refresh_token=5a3f2a1d&x-expires=1753556400&x-signature=n0qMELUjO7s4o%2F4hmLguuyI4UOI%3D&t=4d5b0474&ps=13740610&shp=a5d48078&shcp=81f88b70&idc=useast8,pimpatchj,จากใจคนกินอาหารเสริมเยอะ กินไม่พัก ตับไตจะพังไหม? 💊#อาหารเสริม #แพทย์ทางเลือก #วิตามิน #สุขภาพดี #รีวิวบิวตี้ ,34800,1406,406800,210,178,เสียงต้นฉบับ - Pimpatch Jen,Pimpatch Jen,TRUE,2023-04-01T10:35:02.000Z,https://www.tiktok.com/@pimpatchj/video/7217028054827273499
https://p16-common-sign-useast2a.tiktokcdn-us.com/tos-useast2a-avt-0068-giso/e40e1dac163d96aaf90db595409865da~tplv-tiktokx-cropcenter:720:720.jpeg?dr=9640&refresh_token=11c33e12&x-expires=1753556400&x-signature=%2BHOoVf0zFBwouQqlmDE077%2FGV0o%3D&t=4d5b0474&ps=13740610&shp=a5d48078&shcp=81f88b70&idc=useast8,donutbeautybrains,💊รวมอาหารเสริมสำหรับคนนอนน้อย หน้าโทรม ไม่ยอมนอน นอนดึกตื่นเช้า เพลีย ป่วยบ่อย ใช้ชีวิตสุด 💃🏻 #tiktoklooks #tiktokuni #สายความรู้ #ผิวดีกับพี่โด ,36800,3860,692000,302,46,ぐだぐだな感じ,yuki,FALSE,2024-04-25T14:47:44.000Z,https://www.tiktok.com/@donutbeautybrains/video/7361816432423767304
https://p16-common-sign-sg.tiktokcdn-us.com/tos-alisg-avt-0068/b7d1bdc01f54c9d2a16e96278aff29d5~tplv-tiktokx-cropcenter:720:720.jpeg?dr=9640&refresh_token=33d7104f&x-expires=1753556400&x-signature=QbhIb5AQDOMCprpZFstpT0Ysd6c%3D&t=4d5b0474&ps=13740610&shp=a5d48078&shcp=81f88b70&idc=useast8,maysolandmone_live,นอกจากกินเก่งกินเองได้แล้วยังรีเควสอาหารเองได้ด้วย ##แฝดโซลโมเน่##อาหารเสริมเด็ก##nutriell##nutriellวิตามินกินเก่ง##วิตามินเด็ก##จ้ําม่ํา,2345,82,40300,17,38,เสียงต้นฉบับ - แม่เมโซลโมเน่ Live Channel,แม่เมโซลโมเน่ Live Channel,TRUE,2025-07-24T14:32:56.000Z,https://www.tiktok.com/@maysolandmone_live/video/7530656384799526162
https://p16-common-sign-useast2a.tiktokcdn-us.com/tos-useast2a-avt-0068-giso/a168c378936c304ccf6197150dad53d0~tplv-tiktokx-cropcenter:720:720.jpeg?dr=9640&refresh_token=c1abc6b4&x-expires=1753556400&x-signature=DdKe1dCyJ1jAsBDgHEH3RoMzSo8%3D&t=4d5b0474&ps=13740610&shp=a5d48078&shcp=81f88b70&idc=useast8,ceofactory,กินอาหารเสริมอะไร ช่วยอะไร #คุณฝ้ายceofactory  #ชะลอวัย ,10300,756,3100000,141,95,เสียงต้นฉบับ - CEOFACTORYTHAILAND,CEOFACTORYTHAILAND,TRUE,2024-05-01T12:15:57.000Z,https://www.tiktok.com/@ceofactory/video/7364003751843122448
https://p16-common-sign-va.tiktokcdn-us.com/tos-maliva-avt-0068/89cb848609cadb4710163619b004c157~tplv-tiktokx-cropcenter:720:720.jpeg?dr=9640&refresh_token=c1babc28&x-expires=1753556400&x-signature=trX3DT4lEe41i%2F8MqVIDSa8wkOE%3D&t=4d5b0474&ps=13740610&shp=a5d48078&shcp=81f88b70&idc=useast8,ssatangbank,รีวิวอาหารเสริมจาก อเมริกา ##tiktokสุขภาพ##สตังค์แบงค์##ผู้เชียวชาญสารเสริมอาหาร,806,40,45000,10,90,เสียงต้นฉบับ - สตังค์แบงค์ satangbank,สตังค์แบงค์,TRUE,2024-02-16T03:52:40.000Z,https://www.tiktok.com/@ssatangbank/video/7336042744487496967
https://p16-common-sign-sg.tiktokcdn-us.com/tos-alisg-avt-0068/6ed631c55d2db38873e1761de2cf36f3~tplv-tiktokx-cropcenter:720:720.jpeg?dr=9640&refresh_token=963777fd&x-expires=1753556400&x-signature=ImIFOwqV2F9EW0BHLI1aGpCDPh8%3D&t=4d5b0474&ps=13740610&shp=a5d48078&shcp=81f88b70&idc=useast8,inusupplement,"วิตามินรวมสารสกัดสุดจึ้ง 8 ชนิดใน 1 แคปซูล ตามปริมาณที่ร่างกายควรได้รับต่อวัน (RDA) และตามปริมาณที่ อย. ไทยกำหนด (RDI) 💯
 
#INU #INUSupplement #INUAstaNext+ #AstaNext+ #INUAstaxanthin #Astaxanthin #NatAxtin #อาหารเสริม #อาหารเสริมอะไรดี ",18000,967,965800,184,54,original sound - IN U Supplement,IN U Supplement,TRUE,2025-06-02T12:29:51.000Z,https://www.tiktok.com/@inusupplement/video/7511328107488447760
https://p16-common-sign-sg.tiktokcdn-us.com/tos-alisg-avt-0068/15576ac94c48b72d0bae58c6a5d62bcc~tplv-tiktokx-cropcenter:720:720.jpeg?dr=9640&refresh_token=c625df9b&x-expires=1753556400&x-signature=ZeqrC0GCCTKpkpQ01hwGfLS4t4s%3D&t=4d5b0474&ps=13740610&shp=a5d48078&shcp=81f88b70&idc=useast8,drpongshop,รวมอาหารเสริมตัวดังมาเลย🫶🏻✨ แต่ละตัวช่วยอะไรบ้างมีคำตอบในคลิปจ้า🐟🧠💘 #drpong #รีวิวใช้ดีบอกต่อ #อาหารเสริม ,20600,1641,3300000,205,45,antifragile sped up,molly !,TRUE,2023-04-26T03:11:57.000Z,https://www.tiktok.com/@drpongshop/video/7226191050895805702
https://p16-common-sign-useast2a.tiktokcdn-us.com/tos-useast2a-avt-0068-giso/d823d616d1b7f825fdfed521c85533e8~tplv-tiktokx-cropcenter:720:720.jpeg?dr=9640&refresh_token=5008b37a&x-expires=1753556400&x-signature=7AiDuusC%2BzvAQF4VHq6BkwdoAgk%3D&t=4d5b0474&ps=13740610&shp=a5d48078&shcp=81f88b70&idc=useast8,pingpong_ck,#เตือน #เตือนภัย #เตือนแล้วนะ #อย #อยไทย #อาหารเสริม #ของออนไลน์ #อาหารเสริมเพื่อสุขภาพ #ระวัง #ระวังให้ดี #แชร์ #แชร์ไป #แชร์ออกไป #แชร์เป็นวิทยาทาน #แชร์เตือนภัย #สรรพคุณเกินจริง ,147500,16600,3600000,852,146,เสียงต้นฉบับ - pingpong_ck,ปิงปองมีเรื่องเล่า,TRUE,2023-11-18T10:02:05.000Z,https://www.tiktok.com/@pingpong_ck/video/7302740293646847237
https://p16-common-sign-sg.tiktokcdn-us.com/tos-alisg-avt-0068/39c76a87cc94a48505603ac90355be49~tplv-tiktokx-cropcenter:720:720.jpeg?dr=9640&refresh_token=54c8cb47&x-expires=1753556400&x-signature=01bqW3%2BmA3OQZZq%2Bepdkfq3bBuM%3D&t=4d5b0474&ps=13740610&shp=a5d48078&shcp=81f88b70&idc=useast8,krit.pharmacist,5 อาหารผิว ป้องกันแดด #เภสัชกฤษ #longervideos #antiaging #TikTokUni #tiktokhealth #เทรนด์วันนี้ #อาหารเสริม #kritwellness ,1066,86,21100,26,88,เสียงต้นฉบับ - เภสัชกฤษ,เภสัชกฤษ,TRUE,2025-03-20T09:32:30.000Z,https://www.tiktok.com/@krit.pharmacist/video/7483822229982104840
https://p16-common-sign-useast2a.tiktokcdn-us.com/tos-useast2a-avt-0068-giso/3fe7689b1d6bdf0f86898649b3101cd4~tplv-tiktokx-cropcenter:720:720.jpeg?dr=9640&refresh_token=5a01692c&x-expires=1753556400&x-signature=BklNCmGlpZ4iYK6umtkoIcmYefE%3D&t=4d5b0474&ps=13740610&shp=a5d48078&shcp=81f88b70&idc=useast8,drpaokk,Vitamin C วิตามินซี #วิตามิน #หมอเปา #อาหารเสริม ,29000,2915,669300,496,75,original sound - หมอเปา dr.pao katanyoo,หมอเปา dr.pao katanyoo,TRUE,2024-09-20T07:28:37.000Z,https://www.tiktok.com/@drpaokk/video/7416623878631410952
https://p19-common-sign-sg.tiktokcdn-us.com/tos-alisg-avt-0068/130efe8a29b88b6716b7c9ee77059279~tplv-tiktokx-cropcenter:720:720.jpeg?dr=9640&refresh_token=fafdaa07&x-expires=1753556400&x-signature=UApjCG6OD5A1rQWG8alqF7uGuK0%3D&t=4d5b0474&ps=13740610&shp=a5d48078&shcp=81f88b70&idc=useast8,pondlovelaser,3 วิตามิน ผิวใสวัย 40+ งบน้อย #หมอหนูปอนด์ #สาระความรู้ #รีวิวบิวตี้ #รอยดำ #ฝ้ากระ #vitaminc #astaxantin #bioflavo #อาหารเสริม #วิตามิน #ต้านแก่ ,114700,20100,3200000,913,94,original sound - Mornoopond - Doctor Pond,หนูปอนด์ที่ชอบเลเซ่อร์,TRUE,2024-05-20T12:06:27.000Z,https://www.tiktok.com/@pondlovelaser/video/7371052000508759304
https://p16-common-sign-sg.tiktokcdn-us.com/tos-alisg-avt-0068/9f79e48dcbfee405ecac2fd4e36cf3cf~tplv-tiktokx-cropcenter:720:720.jpeg?dr=9640&refresh_token=4d7c84f6&x-expires=1753556400&x-signature=fOlBdz5ZDqTjyg53rQOpapvUlek%3D&t=4d5b0474&ps=13740610&shp=a5d48078&shcp=81f88b70&idc=useast8,namfonstore_111,#astaxanthin #แอสต้าแซนธิน #1แถม1 #อาหารเสริม ,3,0,327,0,34,เสียงต้นฉบับ - Airabc store,Airabc store,TRUE,2025-07-23T12:25:57.000Z,https://www.tiktok.com/@namfonstore_111/video/7530252572737735954
https://p16-common-sign-va.tiktokcdn-us.com/tos-maliva-avt-0068/89cb848609cadb4710163619b004c157~tplv-tiktokx-cropcenter:720:720.jpeg?dr=9640&refresh_token=c1babc28&x-expires=1753556400&x-signature=trX3DT4lEe41i%2F8MqVIDSa8wkOE%3D&t=4d5b0474&ps=13740610&shp=a5d48078&shcp=81f88b70&idc=useast8,ssatangbank,อาหารเสริมที่ทานทุกเช้า #อาหารเสริม #ผลิตภัณฑ์เสริมอาหาร #สงกรานต์ #สตังค์แบงค์ #satangbank ,1014,24,76000,7,186,เสียงต้นฉบับ - ร้านสตังค์แบงค์,สตังค์แบงค์,TRUE,2023-04-19T09:28:26.000Z,https://www.tiktok.com/@ssatangbank/video/7223690475994139910
https://p19-common-sign-sg.tiktokcdn-us.com/tos-alisg-avt-0068/130efe8a29b88b6716b7c9ee77059279~tplv-tiktokx-cropcenter:720:720.jpeg?dr=9640&refresh_token=fafdaa07&x-expires=1753556400&x-signature=UApjCG6OD5A1rQWG8alqF7uGuK0%3D&t=4d5b0474&ps=13740610&shp=a5d48078&shcp=81f88b70&idc=useast8,pondlovelaser,ทานอาหารเสริม ตอนไหนดีสุด?? #หมอหนูปอนด์ #tiktokuni #สาระความรู้ #รีวิวบิวตี้ #อาหารเสริม #vitaminc #asthaxantin #วิตามิน #collagen ,27200,2599,543900,241,113,original sound - Mornoopond - Doctor Pond,หนูปอนด์ที่ชอบเลเซ่อร์,TRUE,2024-02-02T12:31:42.000Z,https://www.tiktok.com/@pondlovelaser/video/7330981310841900306
https://p16-common-sign-sg.tiktokcdn-us.com/tos-alisg-avt-0068/765ca2fb9483b0299a0507fb58e0d20a~tplv-tiktokx-cropcenter:720:720.jpeg?dr=9640&refresh_token=4234a98a&x-expires=1753556400&x-signature=4OMD4DEpNbKIMmW%2FbepCQesR9wE%3D&t=4d5b0474&ps=13740610&shp=a5d48078&shcp=81f88b70&idc=useast8,krot_tan,รีวิวผลลัพธ์กิน Fish oil Omega 3 ต่อเนื่อง 30 วัน #วิตามิน #อาหารเสริม #น้ํามันปลา #สุขภาพ ,24200,2326,915100,603,145,original sound - K R O T   กรต,KROT   ก ร ต,TRUE,2024-02-19T09:06:28.000Z,https://www.tiktok.com/@krot_tan/video/7337236851658345729
https://p16-common-sign-sg.tiktokcdn-us.com/tos-alisg-avt-0068/e6e72827bdd6d2cb1489dc18a527cf93~tplv-tiktokx-cropcenter:720:720.jpeg?dr=9640&refresh_token=27d7c417&x-expires=1753556400&x-signature=G4qruLaMRvOWwkIfCejO4p4m808%3D&t=4d5b0474&ps=13740610&shp=a5d48078&shcp=81f88b70&idc=useast8,rmuayreview.th,"#วิตามินม่วงผิวสวยในตำนาน กระปุกละ 5 พัน!!! เขามีดีต่างจากคนอื่นยังไง ทำไมแพงขนาดนี้แต่ยังขายดีจนหมดสต็อค!!? @BFF BKK 
#อาหมวยรีวิว #tiktokuni #รู้จากtiktok
#BFFBKK #BFF111SKIN ",12900,1665,500000,185,112,"Comical, fun, cute, video background music(1124511)",Lill Lilly,FALSE,2023-11-16T10:46:44.000Z,https://www.tiktok.com/@rmuayreview.th/video/7302009631566482693
https://p16-common-sign-sg.tiktokcdn-us.com/tos-alisg-avt-0068/d309525035da1f2e40226c47beccd35c~tplv-tiktokx-cropcenter:720:720.jpeg?dr=9640&refresh_token=61c2fe42&x-expires=1753556400&x-signature=VRkREhncpcKdjxMvTC7bb8uugOY%3D&t=4d5b0474&ps=13740610&shp=a5d48078&shcp=81f88b70&idc=useast8,solandmone,จะดีกว่ามั้ยถ้าเปลี่ยนจากให้ขนมปกติเป็นของรางวัลเป็นขนมที่อร่อยแต่มีประโชยน์ อย่างเจลลี่ปีโป้ผักตัวนี้ 🥗✨🙌🏻 #แฝดโซลโมเน่ #veggymixedplusjelly #เจลลี่ปีโป้ผักซันแอนด์มูน #เด็กไม่กินผัก #อาหารเสริมเด็ก ,1486,16,25300,37,32,เสียงต้นฉบับ - แฝดโซลโมเน่👶🏻 👧🏻(ช่องจริง),แฝดโซลโมเน่👶🏻 👧🏻(ช่องจริง),TRUE,2025-07-23T07:14:53.000Z,https://www.tiktok.com/@solandmone/video/7530172412583857416
https://p16-common-sign-sg.tiktokcdn-us.com/tos-alisg-avt-0068/39c76a87cc94a48505603ac90355be49~tplv-tiktokx-cropcenter:720:720.jpeg?dr=9640&refresh_token=54c8cb47&x-expires=1753556400&x-signature=01bqW3%2BmA3OQZZq%2Bepdkfq3bBuM%3D&t=4d5b0474&ps=13740610&shp=a5d48078&shcp=81f88b70&idc=useast8,krit.pharmacist,อาหารเสริม 3 ตัว ที่ผมทานพร้อมอาหาร #เภสัชกฤษ #antiaging #longervideos #TikTokUni #เทรนด์วันนี้ #tiktokhealth #kritwellness #อาหารเสริม ,4800,791,95600,210,67,เสียงต้นฉบับ - เภสัชกฤษ,เภสัชกฤษ,TRUE,2025-03-25T09:32:03.000Z,https://www.tiktok.com/@krit.pharmacist/video/7485677521715891464
https://p19-common-sign-useast2a.tiktokcdn-us.com/tos-useast2a-avt-0068-giso/2e1f9a16579ab9f42fb52117212fed70~tplv-tiktokx-cropcenter:720:720.jpeg?dr=9640&refresh_token=3ffb8f50&x-expires=1753556400&x-signature=CKymiBrwUF%2FUiQR62jlCN4uyIMo%3D&t=4d5b0474&ps=13740610&shp=a5d48078&shcp=81f88b70&idc=useast8,navellawellness,"เลือกคอลลาเจนยังไง กินแล้ว…เห็นผล!
.
ดูเต็ม ๆ ได้ใน AskDoctors EP.22
YTช่อง : Zerosick
FBเพจ: Zerosick
.
.
#AskDoctors #Zerosick #ป่วยเป็นศูนย์ #ผิวกระจ่างใส #คอลลาเจน #วิธีเลือกซื้อคอลลาเจน #อาหารเสริม",7630,955,111600,8,45,เสียงต้นฉบับ - Navella Wellness,Navella Wellness,TRUE,2025-07-16T10:00:00.000Z,https://www.tiktok.com/@navellawellness/video/7527529207384018196
https://p16-common-sign-sg.tiktokcdn-us.com/tos-alisg-avt-0068/d309525035da1f2e40226c47beccd35c~tplv-tiktokx-cropcenter:720:720.jpeg?dr=9640&refresh_token=61c2fe42&x-expires=1753556400&x-signature=VRkREhncpcKdjxMvTC7bb8uugOY%3D&t=4d5b0474&ps=13740610&shp=a5d48078&shcp=81f88b70&idc=useast8,solandmone,เด็กเด็กอร่อยจนลืมว่าเป็นผัก 🥒🥬🥗 กินขนมยังไงให้ได้ประโยชน์ครบถ้วน #veggymixedplusjelly #เจลลี่ปีโป้ผักซันแอนด์มูน #แฝดโซลโมเน่ #เด็กไม่กินผัก #อาหารเสริมเด็ก  ,1803,20,21400,17,28,เสียงต้นฉบับ - แฝดโซลโมเน่👶🏻 👧🏻(ช่องจริง),แฝดโซลโมเน่👶🏻 👧🏻(ช่องจริง),TRUE,2025-07-24T14:51:59.000Z,https://www.tiktok.com/@solandmone/video/7530661293468994834
https://p19-common-sign-sg.tiktokcdn-us.com/tos-alisg-avt-0068/130efe8a29b88b6716b7c9ee77059279~tplv-tiktokx-cropcenter:720:720.jpeg?dr=9640&refresh_token=fafdaa07&x-expires=1753556400&x-signature=UApjCG6OD5A1rQWG8alqF7uGuK0%3D&t=4d5b0474&ps=13740610&shp=a5d48078&shcp=81f88b70&idc=useast8,pondlovelaser,จับคู่วิตามิน อัพผิวเงา #หนูปอนด์ที่ชอบเลเซ่อร์ #pondlovelaser #รีวิวบิวตี้ #วิตามิน #อาหารเสริม #vitamin #สุขภาพ ,9863,2294,222100,106,115,เสียงต้นฉบับ - หนูปอนด์ที่ชอบเลเซ่อร์,หนูปอนด์ที่ชอบเลเซ่อร์,TRUE,2025-05-04T07:12:47.000Z,https://www.tiktok.com/@pondlovelaser/video/7500485059590425864
https://p16-common-sign-sg.tiktokcdn-us.com/tos-alisg-avt-0068/39c76a87cc94a48505603ac90355be49~tplv-tiktokx-cropcenter:720:720.jpeg?dr=9640&refresh_token=54c8cb47&x-expires=1753556400&x-signature=01bqW3%2BmA3OQZZq%2Bepdkfq3bBuM%3D&t=4d5b0474&ps=13740610&shp=a5d48078&shcp=81f88b70&idc=useast8,krit.pharmacist,ยิ่งอดอาหาร ยิ่งอายุยืน #เภสัชกฤษ #antiaging #kritwellness #tiktokhealth #เทรนด์วันนี้ #longervideos #TikTokUni #อาหารเสริม ,169900,47900,3000000,5175,142,เสียงต้นฉบับ - เภสัชกฤษ,เภสัชกฤษ,TRUE,2025-04-05T13:23:31.000Z,https://www.tiktok.com/@krit.pharmacist/video/7489819122390322440
https://p16-common-sign-useast2a.tiktokcdn-us.com/tos-useast2a-avt-0068-giso/233b1dba63b14033145979d3e9de5572~tplv-tiktokx-cropcenter:720:720.jpeg?dr=9640&refresh_token=a1c23dfd&x-expires=1753556400&x-signature=Evd7pZY6PxLCDn%2FHD9TKu91f1bY%3D&t=4d5b0474&ps=13740610&shp=a5d48078&shcp=81f88b70&idc=useast8,klonghn89,ของดีบอกต่อจ้า! #กล้องเภสัช #วิตามินผิวขาว #เภสัชกร #ร้านขายยา #อาหารเสริม,168800,1696,1400000,298,7,เสียงต้นฉบับ - กล้อง เภสัช,กล้อง เภสัช,TRUE,2022-07-28T12:15:14.000Z,https://www.tiktok.com/@klonghn89/video/7125395885063703834
https://p16-common-sign-va.tiktokcdn-us.com/tos-maliva-avt-0068/5fd718cd780c525ac476486a4d0255a6~tplv-tiktokx-cropcenter:720:720.jpeg?dr=9640&refresh_token=47bf76f4&x-expires=1753556400&x-signature=5Zk3ljzFEjIorTNMXgv1PJJJI2c%3D&t=4d5b0474&ps=13740610&shp=a5d48078&shcp=81f88b70&idc=useast8,dr.oung,"กิน zinc gluconate 75 mg ช่วยได้หลายเรื่องง
#อาหารเสริม #รักษาสิว#เรื่องสิว #เรื่องผม #เรื่องผิว#สิวอุดตัน#สิวอักเสบ#medita #zinc #รีวิวบิวตี้ #TikTokLooks #รักสุขภาพ #TikTokUni #สิวอุดตัน #สิวอักเสบ #medita #zinc #ซิ้งมีดิต้า #meditazinc75mg #medltaซิงค์ #zincผู้ชาย",161000,7299,40400000,782,14,เสียงต้นฉบับ - ZIGZAG,ZIGZAG,TRUE,2023-09-18T10:01:38.000Z,https://www.tiktok.com/@dr.oung/video/7280103974521392390
https://p19-common-sign-useast2a.tiktokcdn-us.com/tos-useast2a-avt-0068-giso/2e1f9a16579ab9f42fb52117212fed70~tplv-tiktokx-cropcenter:720:720.jpeg?dr=9640&refresh_token=3ffb8f50&x-expires=1753556400&x-signature=CKymiBrwUF%2FUiQR62jlCN4uyIMo%3D&t=4d5b0474&ps=13740610&shp=a5d48078&shcp=81f88b70&idc=useast8,navellawellness,"หลายๆอาการที่เป็นอยู่ อาจเกิดเพราะขาดแมกนีเซียม
.
ดูเต็มๆได้ใน Doctor’s Talk EP 1 
YT ช่อง: Navella Medical and Wellness
.
#DoctorsTalk #ด็อกเตอร์ทอล์ค #หมอเอมมี่ #อาหารเสริม  #วิตามินอาหารเสริม #แมกนีเซียม ",160400,14400,2100000,425,57,original sound - Navella Wellness,Navella Wellness,TRUE,2024-03-12T09:01:52.000Z,https://www.tiktok.com/@navellawellness/video/7345399560010878215
https://p16-common-sign-useast2a.tiktokcdn-us.com/tos-useast2a-avt-0068-euttp/88e2f3393fd750f2881dbc3fd175888b~tplv-tiktokx-cropcenter:720:720.jpeg?dr=9640&refresh_token=36578dd3&x-expires=1753556400&x-signature=smq5drcqcRiw1OY6lKIhsihIEkQ%3D&t=4d5b0474&ps=13740610&shp=a5d48078&shcp=81f88b70&idc=useast8,moomkhongpohm,กินข้าวหลัง 6 โมงเย็น อ้วน??? #ออกกำลังกาย #ฟิตเนส #ลดน้ําหนัก #กล้ามท้อง #ซิกแพค #ลดไขมัน #เวย์ #อาหารเสริม #สุขภาพ #บทความดีๆ #แรงบันดาลใจ #รวมเธรดความรู้สึก #กำลังใจ #เทรนเนอร์ #wheyprotein #เวย์โปรตีน #คำคม,158500,6862,2000000,2557,0,Past Lives,Martin Arteta & creamy,FALSE,2023-05-23T16:22:17.000Z,https://www.tiktok.com/@moomkhongpohm/video/7236414020197108997
https://p16-common-sign-sg.tiktokcdn-us.com/tos-alisg-avt-0068/39c76a87cc94a48505603ac90355be49~tplv-tiktokx-cropcenter:720:720.jpeg?dr=9640&refresh_token=54c8cb47&x-expires=1753556400&x-signature=01bqW3%2BmA3OQZZq%2Bepdkfq3bBuM%3D&t=4d5b0474&ps=13740610&shp=a5d48078&shcp=81f88b70&idc=useast8,krit.pharmacist,กินโปรตีนยังไง ให้หุ่นดี #เภสัชกฤษ #antiaging #kritwellness #เทรนด์วันนี้ #tiktokhealth #longervideos #TikTokUni #อาหารเสริม #skincare ,154000,6056,2500000,970,72,เสียงต้นฉบับ - เภสัชกฤษ,เภสัชกฤษ,TRUE,2025-04-17T09:21:10.000Z,https://www.tiktok.com/@krit.pharmacist/video/7494209682752539912
https://p16-common-sign-sg.tiktokcdn-us.com/tos-alisg-avt-0068/5ccdf5ffc1b18dc12683ea2c07173df6~tplv-tiktokx-cropcenter:720:720.jpeg?dr=9640&refresh_token=21e3314a&x-expires=1753556400&x-signature=BxnO5u79D88HjkaKjgeIJ6ERJA0%3D&t=4d5b0474&ps=13740610&shp=a5d48078&shcp=81f88b70&idc=useast8,idaooow,บน โซ ฟา ‼️ไปคึกมาจากไหน นานเกิ้นแต่ชอบ🙏 #อาหารเสริม #สมุนไพร #มาดามคอร์ดี้พลัส,150400,373,2800000,181,12,សំឡេង​ដើម - 🐷ណន ស្រីណា៚💕🖤,NORN SREYNA,TRUE,2021-03-21T01:05:11.000Z,https://www.tiktok.com/@idaooow/video/6941907126084291841
https://p16-common-sign-useast2a.tiktokcdn-us.com/tos-useast2a-avt-0068-euttp/2ddc548979f7f69e04e67786915b5511~tplv-tiktokx-cropcenter:720:720.jpeg?dr=9640&refresh_token=a3648f9e&x-expires=1753556400&x-signature=hiahMqD%2F894%2BGxHuAaW3wCYA0Qw%3D&t=4d5b0474&ps=13740610&shp=a5d48078&shcp=81f88b70&idc=useast8,garfew_thiti,ชิมวิตามินซีทำเอง🤩 #เภสัชกร #มธ #หนุ่มแว่น #อาหารสมอง #อาหารเสริม #ยา ,145100,5505,1100000,346,85,เสียงต้นฉบับ - กาฟิวชอบกินส้มส้ม,กาฟิวชอบกินส้มส้ม,TRUE,2025-03-05T10:36:55.000Z,https://www.tiktok.com/@garfew_thiti/video/7478272550020074774
https://p19-common-sign-sg.tiktokcdn-us.com/tos-alisg-avt-0068/fadb309c97a87c7392720a7641aa71d4~tplv-tiktokx-cropcenter:720:720.jpeg?dr=9640&refresh_token=f80b0d82&x-expires=1753556400&x-signature=g%2FjqOQVwfl7Lx4EdzGEnNhWpjh8%3D&t=4d5b0474&ps=13740610&shp=a5d48078&shcp=81f88b70&idc=useast8,chermargie,น้องไหนของมันวะ??? 🤨 #มาร์กี้บอม #แกล้งแฟน #mojoletsplay #mojothailand #เยลลี่ฟินทั้งคู่ #อาหารเสริม ,145000,2766,3300000,314,27,เสียงต้นฉบับ - MARGIE (1.4M),MARGIE (1.4M),TRUE,2024-11-28T12:44:46.000Z,https://www.tiktok.com/@chermargie/video/7442310234879659272
https://p19-common-sign-sg.tiktokcdn-us.com/tos-alisg-avt-0068/de73db4e92ae3618ba83713038342317~tplv-tiktokx-cropcenter:720:720.jpeg?dr=9640&refresh_token=515666b0&x-expires=1753556400&x-signature=sa8HS7XJRcaXWEJSMRTDSnHLBcE%3D&t=4d5b0474&ps=13740610&shp=a5d48078&shcp=81f88b70&idc=useast8,theskinjournal,#สุขภาพดี #สุขภาพจิต #ออกกำลังกาย #ออกกำลังกายผู้หญิง #ดูแลสุขภาพผู้หญิง #ดูแลสุขภาพด้วยอาหาร #โอเมก้า3 #โอเมก้า3ยี่ห้อไหนดี #omega3ยี่ห้อไหนดี #วิตามินผิว #วิตามินที่ควรกินทุกวัน #วิตามินดี3 #วิตามินดียี่ห้แไหนดี #วิตามินเค #รายการสุขภาพ #longevity #อายุยืน #อายุยืนทำอย่างไร #อายุ30 #อายุ40 #อายุ30กินวิตามินอะไรดี #กินวิตามินอะไรดี #อายุ40ควรทานวิตามิน #ทานวิตามินอะไรดี #หน้าเด็ก #ทำยังไงให้เด็กลง #วิตามินที่ควรกินทุกวัน #อาหารเสริม #อาหารเสริมอะไรดี #อาหารเสริมผู้หญิง #เวทเทรนนิ่ง #ลดน้ำหนัก,144100,22300,1100000,142,0,original sound,a,TRUE,2025-05-25T09:54:45.000Z,https://www.tiktok.com/@theskinjournal/video/7508319453755477264
https://p16-common-sign-sg.tiktokcdn-us.com/tos-alisg-avt-0068/9e89a0628f0b59d3d7da46b6d60f5c80~tplv-tiktokx-cropcenter:720:720.jpeg?dr=9640&refresh_token=e8352d26&x-expires=1753556400&x-signature=3ERDkFs%2BlxoKQCzIxQdEqIQQ1Yg%3D&t=4d5b0474&ps=13740610&shp=a5d48078&shcp=81f88b70&idc=useast8,wanniwandeeee,#fyp #ฟีด #ป้ายยา #อาหารเสริม #สกินแคร์ ,142000,2895,1400000,437,0,เสียงต้นฉบับ - DeeJayZ PK KOKO,𝓟𝓚~𝓚𝓞𝓚𝓞🤘🏻(ຮັບຊື້ຫອຍ🐚),TRUE,2024-09-01T09:23:14.000Z,https://www.tiktok.com/@wanniwandeeee/video/7409602775606250753
https://p16-common-sign-useast2a.tiktokcdn-us.com/tos-useast2a-avt-0068-euttp/88e2f3393fd750f2881dbc3fd175888b~tplv-tiktokx-cropcenter:720:720.jpeg?dr=9640&refresh_token=36578dd3&x-expires=1753556400&x-signature=smq5drcqcRiw1OY6lKIhsihIEkQ%3D&t=4d5b0474&ps=13740610&shp=a5d48078&shcp=81f88b70&idc=useast8,moomkhongpohm,คีย์ลดไขมันที่โครตง่าย เเต่คนเเม่งทำให้ยากกัน #ออกกำลังกาย #ลดไขมัน #ฟิตเนส #กล้ามท้อง #เวย์ #อาหารเสริม #ซิกแพค #สุขภาพ #บทความดีๆ #แรงบันดาลใจ #รวมเธรดความรู้สึก #คําคม #เทรน ,136600,8289,1900000,2520,0,Past Lives,Martin Arteta & creamy,FALSE,2023-05-21T17:39:27.000Z,https://www.tiktok.com/@moomkhongpohm/video/7235691735626616069
https://p19-common-sign-sg.tiktokcdn-us.com/tos-alisg-avt-0068/d99ad345d459415686245aee482745c2~tplv-tiktokx-cropcenter:720:720.jpeg?dr=9640&refresh_token=d75b784e&x-expires=1753556400&x-signature=He0nxIhsd8ZmavUP%2FIG9n1sUOns%3D&t=4d5b0474&ps=13740610&shp=a5d48078&shcp=81f88b70&idc=useast8,pharma_view,"2เวลาอันตราย!ที่ไม่ควรอาบน้ำ
(เสี่ยงอันตรายถึงชีวิต)
รีบฟังค่ะ ส่วนใหญ่ยังไม่รู้ #เภสัช #เภสัชวิว #เภสัชกร #อาบน้ํา #ความรู้ #สุขภาพ #สุขภาพดี #สกินแคร์ #อาหารเสริม #วิตามินผิวขาว ",136400,25500,4300000,808,58,เสียงต้นฉบับ - View.Pharma,View.Pharma,TRUE,2024-12-13T17:31:12.000Z,https://www.tiktok.com/@pharma_view/video/7447950308870868245
https://p16-common-sign-sg.tiktokcdn-us.com/tos-alisg-avt-0068/ece73f8025a141e849abdd83aaf694a7~tplv-tiktokx-cropcenter:720:720.jpeg?dr=9640&refresh_token=56f63123&x-expires=1753556400&x-signature=CfQrykFccPS822OFI%2BgX8eTBFMc%3D&t=4d5b0474&ps=13740610&shp=a5d48078&shcp=81f88b70&idc=useast8,caseyshoppp,#โลชั่นผิวขาว #เซรั่มผิวขาว #กันเเดด #สครับผิวขาว #อาหารเสริม #กลูต้า #คอลลาเจน #น้ำชง#ดูเเลตัวเอง #ฟีดดดシ ,135700,2169,1600000,127,0,เสียงต้นฉบับ - Yingpanel,Yingpanel🦋,TRUE,2024-04-13T02:21:50.000Z,https://www.tiktok.com/@caseyshoppp/video/7357171182413548807
https://p16-common-sign-sg.tiktokcdn-us.com/tos-alisg-avt-0068/5b97370e1079325e7e6f37bd76722060~tplv-tiktokx-cropcenter:720:720.jpeg?dr=9640&refresh_token=8bd77d67&x-expires=1753556400&x-signature=AjAUwYHct%2FyiYw%2BencJ4fm0cB%2FQ%3D&t=4d5b0474&ps=13740610&shp=a5d48078&shcp=81f88b70&idc=useast8,bogie889,วิตามินที่จำเป็นต่อร่างกายค่ะ มาดูกันว่าเราขาดวิตามินอะไรกันบ้าง #tiktokuni #tiktokป้ายยา #tiktoklooks #อาหารเสริม #วิตามิน ,135400,14600,4100000,364,0,ใครบอกนางฟ้าไม่มีอยู่จริง,เก้า เกริกพล,FALSE,2025-06-16T17:16:32.000Z,https://www.tiktok.com/@bogie889/video/7516597304003005703
https://p16-common-sign-sg.tiktokcdn-us.com/tos-alisg-avt-0068/0bd85cfe852c21f2e3d032c9ca3a7c1a~tplv-tiktokx-cropcenter:720:720.jpeg?dr=9640&refresh_token=b117da26&x-expires=1753556400&x-signature=1rmwa%2FxuMLmcyKR2gUANJXzmV%2FE%3D&t=4d5b0474&ps=13740610&shp=a5d48078&shcp=81f88b70&idc=useast8,sayamo_ss,สยาโม กับเด็กคนนั้นเป็นคนคนเดียวกันนะ อย่าหยุดที่จะพัฒนาและดูแลตัวเองนะทุกคน #สยาโม #AYAcollagenDipeptideplus #คอลลาเจน #ผิวขาว #ผิวใส #อาหารเสริม #ดูแลตัวเอง ,131700,442,964900,188,78,original sound,Abdullah Ramadan,TRUE,2024-08-28T12:15:18.000Z,https://www.tiktok.com/@sayamo_ss/video/7408162813790653714
https://p19-common-sign-sg.tiktokcdn-us.com/tos-alisg-avt-0068/a7d1c8b51c1488d1c1af1811986e4a76~tplv-tiktokx-cropcenter:720:720.jpeg?dr=9640&refresh_token=134d1c26&x-expires=1753556400&x-signature=d%2BpLk8CdOFtRMhPo9j%2B38i8tFc4%3D&t=4d5b0474&ps=13740610&shp=a5d48078&shcp=81f88b70&idc=useast8,prae_wa1705,กินๆไปเหอะอะไรที่ทำให้ตัวเองดีขึ้นอะ💖💖#กลูต้าพีชเกาหลี #กลูต้า #อาหารเสริม ,128100,861,2900000,136,12,original sound - QEETHA,qeeetha.official,TRUE,2024-11-27T02:16:52.000Z,https://www.tiktok.com/@prae_wa1705/video/7441777338355813639
https://p16-common-sign-va.tiktokcdn-us.com/tos-maliva-avt-0068/60607f122385ef6d92ee733291252e67~tplv-tiktokx-cropcenter:720:720.jpeg?dr=9640&refresh_token=d78d31aa&x-expires=1753556400&x-signature=F3q2%2FV3AxYCjSKnYYfomgUgSYXc%3D&t=4d5b0474&ps=13740610&shp=a5d48078&shcp=81f88b70&idc=useast8,oilthisfitburnfat,ตอบกลับ @Warin Wanngen โปรแกรมกระชับแขนย้วย #tiktokhealth #ดูแลสุขภาพ #ฟิตกับtiktok #ออกกำลังกาย #ผู้หญิงออกกําลังกาย #เวทเทรนนิ่ง #แข็งแรง #ฟิตเนส #ออกกําลังกายง่ายๆได้ที่บ้าน ,9309,1453,214200,94,135,Drake style/HIPHOP beat(1491552),Burning Man,FALSE,2024-08-27T12:46:30.000Z,https://www.tiktok.com/@oilthisfitburnfat/video/7407799760293285140
https://p16-common-sign-sg.tiktokcdn-us.com/tos-alisg-avt-0068/3d1396933d08c95043fc8c190a9dd679~tplv-tiktokx-cropcenter:720:720.jpeg?dr=9640&refresh_token=899e2250&x-expires=1753556400&x-signature=JmxCu%2B24RMivUcOUTv%2BfbySJZkA%3D&t=4d5b0474&ps=13740610&shp=a5d48078&shcp=81f88b70&idc=useast8,chutekan_noiynea,6ท่าเบิร์นไขมัน​#เต้นออกกําลังกายง่ายๆตามสไตล์หน่อยแน่ #ลดหน้าท้อง #ลดไขมันสร้างกล้ามเนื้อ #ออกกําลังกายที่บ้าน #homeworkout #howtotik #หน่อยแน่แม่ปั้นหุ่น ,3506,499,110800,31,59,original sound,apantreeonsa.024,TRUE,2025-07-24T01:15:31.000Z,https://www.tiktok.com/@chutekan_noiynea/video/7530450865971383559
https://p16-common-sign-sg.tiktokcdn-us.com/tos-alisg-avt-0068/311425ee803483c76d3d9e72b03b4e4d~tplv-tiktokx-cropcenter:720:720.jpeg?dr=9640&refresh_token=097f7aee&x-expires=1753556400&x-signature=P4dBv8kcwUsHrI5LDdEf8MNnfYw%3D&t=4d5b0474&ps=13740610&shp=a5d48078&shcp=81f88b70&idc=useast8,cooltraincoolcome,เจอท่านี้ หายเมื่อยหลังเลย  #คู่เทรนคู่กรรม #ลดพุง#ลดไขมัน#ออกกำลังกายง่ายๆ#ฟิตหุ่น#tiktokuni#workout#tiktokการกีฬา #ออกกำลังกาย #ออกกำลังกายง่ายๆที่บ้าน ,951,136,22200,2,15,Shake It To The Max (FLY) (Remix),MOLIY & Skillibeng & Shenseea,FALSE,2025-06-18T14:37:00.000Z,https://www.tiktok.com/@cooltraincoolcome/video/7517298363025394951
https://p16-common-sign-sg.tiktokcdn-us.com/tos-alisg-avt-0068/b2a719afcc776fa9ae358f1808a2fa78~tplv-tiktokx-cropcenter:720:720.jpeg?dr=9640&refresh_token=41a4ddf9&x-expires=1753556400&x-signature=z0DYbieWQieYpusQbV5FBJZn7HY%3D&t=4d5b0474&ps=13740610&shp=a5d48078&shcp=81f88b70&idc=useast8,khunbellky,#ปั้นหุ่นแซ่บ #ออกกําลังกาย ,44700,2452,804800,309,15,oui jersey remix,VIP,TRUE,2025-05-11T11:52:53.000Z,https://www.tiktok.com/@khunbellky/video/7503154833461939463
https://p16-common-sign-va.tiktokcdn-us.com/tos-maliva-avt-0068/60607f122385ef6d92ee733291252e67~tplv-tiktokx-cropcenter:720:720.jpeg?dr=9640&refresh_token=d78d31aa&x-expires=1753556400&x-signature=F3q2%2FV3AxYCjSKnYYfomgUgSYXc%3D&t=4d5b0474&ps=13740610&shp=a5d48078&shcp=81f88b70&idc=useast8,oilthisfitburnfat,คาร์ดิโอลดขาเบียด ต้องโปรแกรมนี้ #ออกกำลังกาย #ฟิตเนส #ดูแลสุขภาพ #ผู้หญิงออกกําลังกาย #เวทเทรนนิ่ง #สร้างกล้ามเนื้อ #tiktokhealth #ฟิตกับtiktok #คาร์ดิโอ #ลดไขมัน #,37500,3179,727100,229,271,Techno sound with a cool impression / 10 minutes(1451585),nightbird_bgm,FALSE,2024-11-08T11:06:58.000Z,https://www.tiktok.com/@oilthisfitburnfat/video/7434863314070408469
https://p16-common-sign-sg.tiktokcdn-us.com/tos-alisg-avt-0068/3d1396933d08c95043fc8c190a9dd679~tplv-tiktokx-cropcenter:720:720.jpeg?dr=9640&refresh_token=899e2250&x-expires=1753556400&x-signature=JmxCu%2B24RMivUcOUTv%2BfbySJZkA%3D&t=4d5b0474&ps=13740610&shp=a5d48078&shcp=81f88b70&idc=useast8,chutekan_noiynea,#เต้นออกกําลังกายง่ายๆตามสไตล์หน่อยแน่ #ลดหน้าท้อง #ลดไขมันสร้างกล้ามเนื้อ #ออกกําลังกายที่บ้าน #howtotik #homeworkout #หน่อยแน่แม่ปั้นหุ่น ,18200,2548,503200,118,76,nhạc nền - DANCE TỔNG HỢP,DANCE TỔNG HỢP,TRUE,2025-07-23T01:03:53.000Z,https://www.tiktok.com/@chutekan_noiynea/video/7530076794653854984
https://p16-common-sign-sg.tiktokcdn-us.com/tos-alisg-avt-0068/2916dff538386906baac96c63450d170~tplv-tiktokx-cropcenter:720:720.jpeg?dr=9640&refresh_token=af7ca4ae&x-expires=1753556400&x-signature=pjQDUT%2BDkHTWv24BtBEg3WVSQd0%3D&t=4d5b0474&ps=13740610&shp=a5d48078&shcp=81f88b70&idc=useast8,lookked290,ท่าคิดิโอกระชับทั้งตัว #กระชับสัดส่วน #ออกกําลังกายง่ายๆได้ที่บ้าน ,18400,1629,402400,59,15,Dougie x Your Perfect x No Lie,Kuya Magik No1 🪄,TRUE,2025-06-08T07:14:49.000Z,https://www.tiktok.com/@lookked290/video/7513473558161558802
https://p19-common-sign-sg.tiktokcdn-us.com/tos-alisg-avt-0068/c6d1198b6888fd207f289d8ed4a6b2e2~tplv-tiktokx-cropcenter:720:720.jpeg?dr=9640&refresh_token=06906a80&x-expires=1753556400&x-signature=X3QLP5RG%2BmGy4x2pT38uJbnMWHo%3D&t=4d5b0474&ps=13740610&shp=a5d48078&shcp=81f88b70&idc=useast8,sumitta_78,#ปั้นหุ่นแซ่บ #ปั้นหุ่นสวย #ลดน้ําหนัก #ลดไขมัน #ลดพุง#เอวเอส #ร่อง11 #ท่าออกกําลังกาย #ออกกําลังกาย #ออกกําลังกายที่บ้าน ,221400,15400,2600000,832,17,party 4 u,ㅤ,TRUE,2025-05-06T05:28:29.000Z,https://www.tiktok.com/@sumitta_78/video/7501200337064283399
https://p16-common-sign-sg.tiktokcdn-us.com/tos-alisg-avt-0068/50b164031dc099b2333cb320de54f6a2~tplv-tiktokx-cropcenter:720:720.jpeg?dr=9640&refresh_token=5457f741&x-expires=1753556400&x-signature=O8eTY3a8W%2BQmebNoHd7UfVy5SGI%3D&t=4d5b0474&ps=13740610&shp=a5d48078&shcp=81f88b70&idc=useast8,runditeng,"รู้สึกเหมือนเป็นตัวมัม ตัวมารดา ตัวคลอดบุตร
#gym #ออกกําลังกาย #สุขภาพดี #glutesworkout #fypシ ",174300,144800,3700000,2736,6,Alibi,Sevdaliza & Pabllo Vittar & Yseult,FALSE,2025-07-09T15:18:10.000Z,https://www.tiktok.com/@runditeng/video/7525101761535757575
https://p16-common-sign-sg.tiktokcdn-us.com/tos-alisg-avt-0068/e7771c4e02cb3ea468f4dd27ead55db7~tplv-tiktokx-cropcenter:720:720.jpeg?dr=9640&refresh_token=1e35d612&x-expires=1753556400&x-signature=dio3AC5x7aAnHMol3hxMrSNARms%3D&t=4d5b0474&ps=13740610&shp=a5d48078&shcp=81f88b70&idc=useast8,keepfit257,#ชอบออกกําลังกาย #มาออกกําลังกายกันค่ะ💪 #สวัสดีคะทุกคน❤️❤️❤️ ,43000,4271,1500000,376,20,original sound - DJ JER PH REMIX,DJ JR KL REMIX,TRUE,2025-06-14T02:54:53.000Z,https://www.tiktok.com/@keepfit257/video/7515633054338125074
https://p16-common-sign-sg.tiktokcdn-us.com/tos-alisg-avt-0068/c18fbeb379c31ff0b189ffacf4d5df61~tplv-tiktokx-cropcenter:720:720.jpeg?dr=9640&refresh_token=80c24006&x-expires=1753556400&x-signature=nk4GauDpfug2LM3wOCVL6eDFCOo%3D&t=4d5b0474&ps=13740610&shp=a5d48078&shcp=81f88b70&idc=useast8,annmedese2524,#CapCut 7ท่า ปั้นกล้ามท้องหิต#ออกกำลังกาย #exercise #workout #สร้างกล้ามท้อง ,733,125,19300,10,33,original sound - DjJunrexRemix🇵🇭,DjJunrexRemix🎧🇵🇭,TRUE,2025-07-22T09:41:52.000Z,https://www.tiktok.com/@annmedese2524/video/7529839153069051156
https://p16-common-sign-sg.tiktokcdn-us.com/tos-alisg-avt-0068/e3da402f83ddc527639c79f199cfeb22~tplv-tiktokx-cropcenter:720:720.jpeg?dr=9640&refresh_token=3a706877&x-expires=1753556400&x-signature=y6HDQSqCEk%2BnWm4GBAOntfvqAK8%3D&t=4d5b0474&ps=13740610&shp=a5d48078&shcp=81f88b70&idc=useast8,chowkuay07,Full body workout #fyp #gym #ออกกําลังกาย #gymtok #ฟิตหุ่น ,121,4,1457,5,100,original sound - เฉาก๊วย,เฉาก๊วย,TRUE,2025-07-22T08:57:32.000Z,https://www.tiktok.com/@chowkuay07/video/7529827776115772690
https://p19-common-sign-sg.tiktokcdn-us.com/tos-alisg-avt-0068/c30b90f3487cc1f2b14b177b0d30c13a~tplv-tiktokx-cropcenter:720:720.jpeg?dr=9640&refresh_token=20912197&x-expires=1753556400&x-signature=MfAgYI1YB6GAzEm2FgblgNYc1KU%3D&t=4d5b0474&ps=13740610&shp=a5d48078&shcp=81f88b70&idc=useast8,kanoknatda5,ลดพุงหมาน้อยทำได้ที่บ้าน 🔥🔥 #ออกกําลังกายลดพุง #แนะนําวิธีออกกําลังกาย #ออกกําลังกายง่ายๆได้ที่บ้าน #ออกกําลังกายที่บ้าน ,142500,5977,2200000,390,187,On The Floorda大锯,六哥,FALSE,2024-06-04T03:28:19.000Z,https://www.tiktok.com/@kanoknatda5/video/7376484756722060560
https://p16-common-sign-sg.tiktokcdn-us.com/tos-alisg-avt-0068/c18fbeb379c31ff0b189ffacf4d5df61~tplv-tiktokx-cropcenter:720:720.jpeg?dr=9640&refresh_token=80c24006&x-expires=1753556400&x-signature=nk4GauDpfug2LM3wOCVL6eDFCOo%3D&t=4d5b0474&ps=13740610&shp=a5d48078&shcp=81f88b70&idc=useast8,annmedese2524,#CapCut #workout #exercise #กระชับกล้ามท้อง #ร่อง11 #motivation #แม่แอนปั้นซิกแพค #funny #fitnesshome #fitness #dance #ออกกําลังกาย #gym #สร้างกล้ามเนื้อ ,7887,1600,231000,55,15,Give it to me like,Official Sound Studio,FALSE,2025-06-12T14:00:33.000Z,https://www.tiktok.com/@annmedese2524/video/7515062445560433940
https://p16-common-sign-sg.tiktokcdn-us.com/tos-alisg-avt-0068/c18fbeb379c31ff0b189ffacf4d5df61~tplv-tiktokx-cropcenter:720:720.jpeg?dr=9640&refresh_token=80c24006&x-expires=1753556400&x-signature=nk4GauDpfug2LM3wOCVL6eDFCOo%3D&t=4d5b0474&ps=13740610&shp=a5d48078&shcp=81f88b70&idc=useast8,annmedese2524,#CapCut ท่าบริหารช่วยลดไขมันข้างลำตัว เอวคอด เอวสวย #ออกกำลังกาย #สร้าง��วลกล้ามเนื้อ #ออกกําลังกาย #เอวเอส #exercise #workout #abs #motivation #fitnesshome #funny #แม่แอนปั้นซิกแพค ,25000,7065,746500,130,18,bunyi asal - ᴛʀᴏᴘɪᴄᴀɴᴀ-ᴛᴡɪꜱᴛᴇʀ,ᴛʀᴏᴘɪᴄᴀɴᴀ-ᴛᴡɪꜱᴛᴇʀ,TRUE,2025-06-22T09:40:59.000Z,https://www.tiktok.com/@annmedese2524/video/7518706409177894165
https://p16-common-sign-sg.tiktokcdn-us.com/tos-alisg-avt-0068/7df1318103afafe037d5eccf1704a966~tplv-tiktokx-cropcenter:720:720.jpeg?dr=9640&refresh_token=5d7421a4&x-expires=1753556400&x-signature=%2BKs1x1o5sFeT6z5QnFd8sygvAuU%3D&t=4d5b0474&ps=13740610&shp=a5d48078&shcp=81f88b70&idc=useast8,stay.fit.with.som,#เทรนด์วันนี้ #ลดไขมัน #ลดหน้าท้อง #ลดความอ้วน #ลดน้ำหนัก #สร้างกล้ามเนื้อ #เวทเทรนนิ่ง #ออกกำลังกาย #ฟิตหุ่น #ลดพุง #ฟิตเนส #excercisemotivation,2421,297,53100,16,41,2002,Anne-Marie,FALSE,2025-04-09T10:50:04.000Z,https://www.tiktok.com/@stay.fit.with.som/video/7491263923463671048
https://p16-common-sign-sg.tiktokcdn-us.com/tos-alisg-avt-0068/c18fbeb379c31ff0b189ffacf4d5df61~tplv-tiktokx-cropcenter:720:720.jpeg?dr=9640&refresh_token=80c24006&x-expires=1753556400&x-signature=nk4GauDpfug2LM3wOCVL6eDFCOo%3D&t=4d5b0474&ps=13740610&shp=a5d48078&shcp=81f88b70&idc=useast8,annmedese2524,#CapCut ท่าบริหาร ท้อง เอวเอส ร่อง11 #workout #abs #แม่แอนปั้นซิกแพค #exercise #motivation #ลดไขมัน #challenge #sixpack #ออกกําลังกาย ,40500,7009,1900000,265,21,original sound - DjJunrexRemix🇵🇭,DjJunrexRemix🎧🇵🇭,TRUE,2025-05-21T12:58:08.000Z,https://www.tiktok.com/@annmedese2524/video/7506882488074128661
https://p16-common-sign-sg.tiktokcdn-us.com/tos-alisg-avt-0068/b2a719afcc776fa9ae358f1808a2fa78~tplv-tiktokx-cropcenter:720:720.jpeg?dr=9640&refresh_token=41a4ddf9&x-expires=1753556400&x-signature=z0DYbieWQieYpusQbV5FBJZn7HY%3D&t=4d5b0474&ps=13740610&shp=a5d48078&shcp=81f88b70&idc=useast8,khunbellky,ในส่วนนี้เน้นไปที่หน้าท้องและแขน 💗 #ปั้นหุ่นแซ่บ #ออกกําลังกาย #ผู้หญิงชอบออกกําลังกาย #CapCut ,71300,3878,502000,222,15,Skai_Isyourgod_八方來財_By KIIVID,Hea Thy,TRUE,2025-06-01T09:13:03.000Z,https://www.tiktok.com/@khunbellky/video/7510906429755215112
https://p19-common-sign-sg.tiktokcdn-us.com/tos-alisg-avt-0068/6f1b1229179e62b507e9b79b07c91510~tplv-tiktokx-cropcenter:720:720.jpeg?dr=9640&refresh_token=7dfd279d&x-expires=1753556400&x-signature=yCDYEgp3NLz6S%2FWpp6sVOmTa7ek%3D&t=4d5b0474&ps=13740610&shp=a5d48078&shcp=81f88b70&idc=useast8,6593apple,#ออกกําลังกายสร้างกล้ามเนื้อ #ผู้หญิงเล่นเวท #fitkubple ,21,0,168,4,59,orijinal ses,♥️𝐘𝐀𝐒𝐄𝐌𝐈𝐍.𝐌𝐔𝐒𝐈𝐂➳🦅,TRUE,2025-07-23T18:28:26.000Z,https://www.tiktok.com/@6593apple/video/7530345978486983943
https://p19-common-sign-sg.tiktokcdn-us.com/tos-alisg-avt-0068/c6d1198b6888fd207f289d8ed4a6b2e2~tplv-tiktokx-cropcenter:720:720.jpeg?dr=9640&refresh_token=06906a80&x-expires=1753556400&x-signature=X3QLP5RG%2BmGy4x2pT38uJbnMWHo%3D&t=4d5b0474&ps=13740610&shp=a5d48078&shcp=81f88b70&idc=useast8,sumitta_78,#ลดความอ้วน #ลดไขมัน #ลดพุง#ท่าออกกําลังกาย #ออกกําลังกาย #ออกกําลังกายที่บ้าน ,27400,2105,453200,267,30,original sound,๛𝒏𝒂𝒅𝒐𝒖℘𝒉๛,TRUE,2025-06-19T03:03:26.000Z,https://www.tiktok.com/@sumitta_78/video/7517490703807646984
https://p16-common-sign-sg.tiktokcdn-us.com/tos-alisg-avt-0068/c491edaf86edf10dab3fb6e3371783a5~tplv-tiktokx-cropcenter:720:720.jpeg?dr=9640&refresh_token=32b82e16&x-expires=1753556400&x-signature=mGpx%2FXBtqXT2uOjUNKPtSaBaoxI%3D&t=4d5b0474&ps=13740610&shp=a5d48078&shcp=81f88b70&idc=useast8,p.rxxm__,"มาปวดก้นนั่งส้วมลำบากกันเถอะ🤣 
#ดูแลตัวเอง #รักสุขภาพ #ดูแลสุขภาพ #ออกกําลังกาย #ออกกําลังกายที่บ้าน ",114600,1835,1300000,200,18,เสียงต้นฉบับ - พรีม,พรีม,TRUE,2024-04-27T13:03:10.000Z,https://www.tiktok.com/@p.rxxm__/video/7362531658454535431
https://p16-common-sign-useast2a.tiktokcdn-us.com/tos-useast2a-avt-0068-euttp/7358764418471526433~tplv-tiktokx-cropcenter:720:720.jpeg?dr=9640&refresh_token=c6c9e124&x-expires=1753556400&x-signature=DcCgmKrPOHoFGWBDL%2BfrZwDtwNI%3D&t=4d5b0474&ps=13740610&shp=a5d48078&shcp=81f88b70&idc=useast8,mod4289,ออกกำลังกายแบบไม่ใช้อุปกรณ์ #ออกกำลังกาย #คาร์ดิโอ #ออกกําลังกายง่ายๆได้ที่บ้าน ,3094,18,39700,42,15,Flo Rida Low,Tidal Water's Digital Noise,TRUE,2024-09-09T23:59:30.000Z,https://www.tiktok.com/@mod4289/video/7412797252655222023
https://p16-common-sign-useast2a.tiktokcdn-us.com/tos-useast2a-avt-0068-aiso/6a8a12e6b1686988fa9ff44b9951c31d~tplv-tiktokx-cropcenter:720:720.jpeg?dr=9640&refresh_token=01a1a7a0&x-expires=1753556400&x-signature=zBHZOzWdropCRxo0oXhfUIo%2BKEc%3D&t=4d5b0474&ps=13740610&shp=a5d48078&shcp=81f88b70&idc=useast8,beepornprawena,HIIT 6 ท่าบอกเลยว่าร้าวมาก🔥🔥#ออกกำลังกาย #ปั้นหุ่น #น้องบี้รีวิว #ร่อง11 #เทรนเนอร์ ,19800,1747,332200,104,111,เสียงต้นฉบับ - น้องบี้รีวิว🦄💖,น้องบี้รีวิว🦄💖,TRUE,2024-02-29T17:45:56.000Z,https://www.tiktok.com/@beepornprawena/video/7341081600224038149
https://p19-common-sign-sg.tiktokcdn-us.com/tos-alisg-avt-0068/c6d1198b6888fd207f289d8ed4a6b2e2~tplv-tiktokx-cropcenter:720:720.jpeg?dr=9640&refresh_token=06906a80&x-expires=1753556400&x-signature=X3QLP5RG%2BmGy4x2pT38uJbnMWHo%3D&t=4d5b0474&ps=13740610&shp=a5d48078&shcp=81f88b70&idc=useast8,sumitta_78,#กระชับสัดส่วน #ลดไขมันสร้างกล้ามเนื้อ #ออกกําลังกาย #ลดพุง #ท่าออกกําลังกาย #ออกกําลังกายที่บ้าน ,43000,1560,800200,282,36,เสียงต้นฉบับ - ไอแอมพริ้งงงง,ไอแอมพริ้งงงง,TRUE,2025-06-26T03:47:39.000Z,https://www.tiktok.com/@sumitta_78/video/7520099707146751250
https://p16-common-sign-sg.tiktokcdn-us.com/tos-alisg-avt-0068/391dbc2ef21ccb836f70082e0da9dabf~tplv-tiktokx-cropcenter:720:720.jpeg?dr=9640&refresh_token=dee3ad0c&x-expires=1753556400&x-signature=dPVTxUXCTClo%2FOoVRdbhagSYjMk%3D&t=4d5b0474&ps=13740610&shp=a5d48078&shcp=81f88b70&idc=useast8,nanabii16,เทรนเนอร์ต้องเข้าละ #ออกกําลังกาย ,3044,32,21700,41,14,เสียงต้นฉบับ - Kang Piyamas ออนนี่มาแล้ว,Kang Piyamas ออนนี่มาแล้ว,TRUE,2025-07-23T15:43:18.000Z,https://www.tiktok.com/@nanabii16/video/7530303429122477319
https://p19-common-sign-sg.tiktokcdn-us.com/tos-alisg-avt-0068/697fd97073018868ade89de28c6750b6~tplv-tiktokx-cropcenter:720:720.jpeg?dr=9640&refresh_token=dd76dc2f&x-expires=1753556400&x-signature=XJ1n%2FWbog0Jc9Ep78Qgd2UTbxMk%3D&t=4d5b0474&ps=13740610&shp=a5d48078&shcp=81f88b70&idc=useast8,maysachannel,"หุ่นลีน เอวคอด  เอวs 
ต้องจัดเลย🔥🔥🔥🔥

#ลดพุงหมาน้อย #ปั้นร่อง11 #เมษาเอว22 #เบิร์นไขมัน #kettlebell #เคตเทิลเบล #LiveOutlandish #ท่าออกกําลังกายลดพุง ",6569,985,114500,103,53,Rock and Roll Session,Canal Records JP,FALSE,2024-11-20T12:59:13.000Z,https://www.tiktok.com/@maysachannel/video/7439345281742703880
https://p16-common-sign-sg.tiktokcdn-us.com/tos-alisg-avt-0068/58530ae7d0954b1066d67c14f5b4f453~tplv-tiktokx-cropcenter:720:720.jpeg?dr=9640&refresh_token=5e1f6830&x-expires=1753556400&x-signature=X2ATjY3aL%2BBBY1hb1ibt0ZVwU24%3D&t=4d5b0474&ps=13740610&shp=a5d48078&shcp=81f88b70&idc=useast8,fitandhealthy89,ออกกำลังกายที่บ้าน #ลดน้ำหนัก ,223500,35800,4300000,376,6,Exercise,Vin Music,FALSE,2023-01-24T16:31:36.000Z,https://www.tiktok.com/@fitandhealthy89/video/7192257261647990043
https://p16-common-sign-sg.tiktokcdn-us.com/tos-alisg-avt-0068/e1edf63d60fdb48c9c3eb3402c48e07d~tplv-tiktokx-cropcenter:720:720.jpeg?dr=9640&refresh_token=dfb6176a&x-expires=1753556400&x-signature=nUNn6bWj%2BW9kV9ePDaFzXLLjec4%3D&t=4d5b0474&ps=13740610&shp=a5d48078&shcp=81f88b70&idc=useast8,nnumm.num,ก่อนสิ้นปีทำอะไร: เล่นกล้ามท้อง🫵🏻❤️‍🔥 ทำวันละ2เซต แปบเดียวรู้เรื่อง #ปั้นหุ่นแซ่บ #Abs #ซิกแพค #ออกตามนัม #ออกกําลังกายที่บ้าน ,103000,4066,1200000,276,55,39 Minutes,kiki vivi lily,FALSE,2024-12-30T07:39:00.000Z,https://www.tiktok.com/@nnumm.num/video/7454106152444382482
https://p19-common-sign-useast2a.tiktokcdn-us.com/tos-useast2a-avt-0068-giso/2b16246e383f5a4ddb645d7aa300e18c~tplv-tiktokx-cropcenter:720:720.jpeg?dr=9640&refresh_token=17ada2d9&x-expires=1753556400&x-signature=fL2%2FzNV2vbREExwweFleBhKfUfM%3D&t=4d5b0474&ps=13740610&shp=a5d48078&shcp=81f88b70&idc=useast8,healthyyear,ฮูลาฮูปสั่น#ออกกําลังกาย #ฟิตเนส #ลดน้ําหนัก #ฟิตเนสลดน้ําหนัก #ผู้หญิงออกกําลังกาย #ผู้หญิงชอบออกกําลังกาย #ลดน้ําหนักด้วยตัวเอง ,166000,22600,4200000,3039,7,原创音乐,HealthyYear,TRUE,2023-04-21T01:16:06.000Z,https://www.tiktok.com/@healthyyear/video/7224305766373641478
https://p16-common-sign-useast2a.tiktokcdn-us.com/tos-useast2a-avt-0068-giso/1db98d872976780ce8def3ce9f2f9dd6~tplv-tiktokx-cropcenter:720:720.jpeg?dr=9640&refresh_token=8681a3f4&x-expires=1753556400&x-signature=HKN4MMlAPtf4Otv%2F9Y7jICL6srY%3D&t=4d5b0474&ps=13740610&shp=a5d48078&shcp=81f88b70&idc=useast8,mhiewkanjana,ตอบกลับ @ชื่อชมพู่ไม่ใช่แชมพู🍐🧴 มาแล้วค่ะ ทำ 3 ท่านี้ โฟกัสให้ดี 20 ครั้ง 3 เซ็ทยังไงก็โดนค่ะ #ท่าออกกําลังกาย #ออกกําลังกายที่บ้าน #แม่หลังคลอด #สวยครบจบที่เหมียว ,3811,162,93700,17,29,Beautiful Land (Sape Dayak Borneo),Helmy Trianggara,FALSE,2025-07-16T13:22:33.000Z,https://www.tiktok.com/@mhiewkanjana/video/7527669560787340552
https://p16-common-sign-va.tiktokcdn-us.com/tos-maliva-avt-0068/60607f122385ef6d92ee733291252e67~tplv-tiktokx-cropcenter:720:720.jpeg?dr=9640&refresh_token=d78d31aa&x-expires=1753556400&x-signature=F3q2%2FV3AxYCjSKnYYfomgUgSYXc%3D&t=4d5b0474&ps=13740610&shp=a5d48078&shcp=81f88b70&idc=useast8,oilthisfitburnfat,ตอบกลับ @@Nancyyyyyyy 4ท่า HIIT ไม่ยาก แต่เบิร์นมาก #tiktokสุขภาพ #tiktokhealth #ฟิตกับtiktok #ลดไขมัน #ออกกําลังกาย #สร้างกล้ามเนื้อ #ฟิตเนส #เวทเทรนนิ่ง #คาร์ดิโอ #ลดหุ่น #ดูแลสุขภาพ #ลดน้ําหนักด้วยตัวเอง ,6497,982,119200,150,184,Freaks(Remix),笑匠&神权,FALSE,2024-04-25T11:12:05.000Z,https://www.tiktok.com/@oilthisfitburnfat/video/7361760825662655745
https://p16-common-sign-sg.tiktokcdn-us.com/tos-alisg-avt-0068/2fbb642ac237fbb1af66ad70407dfd97~tplv-tiktokx-cropcenter:720:720.jpeg?dr=9640&refresh_token=8062c5ec&x-expires=1753556400&x-signature=FIqSm4peDfK7lPK3i8QrtapNrZo%3D&t=4d5b0474&ps=13740610&shp=a5d48078&shcp=81f88b70&idc=useast8,parapattt,Abs workout 💪🏽 #ออกกําลังกาย #ออกกําลังกายที่บ้าน #ออกกําลังกายง่ายๆได้ที่บ้าน #ปั้นหุ่นแซ่บ #ปั้นหน้าท้อง #ร่อง11 #ลดพุง #ลดไขมัน ,4677,291,72600,20,87,PO￦ER,G-DRAGON,FALSE,2024-11-13T02:38:39.000Z,https://www.tiktok.com/@parapattt/video/7436587743766957330
https://p16-common-sign-useast2a.tiktokcdn-us.com/tos-useast2a-avt-0068-giso/441dc8bae85a8ed3a5403a24e9fb1dd4~tplv-tiktokx-cropcenter:720:720.jpeg?dr=9640&refresh_token=4b3c601f&x-expires=1753556400&x-signature=awd94sbnmtDJAJ%2Bdde%2FHQcPVP6E%3D&t=4d5b0474&ps=13740610&shp=a5d48078&shcp=81f88b70&idc=useast8,mujapom,กินไม่ถึง10นาที😭 #ออกกําลังกาย #คาดิโอ #ลดน้ําหนัก #ลดหุ่น #หมูจะผอม🐽 ,1827,10,69600,9,14,เสียงต้นฉบับ - นาย น้อย. 🕺🏻,นาย น้อย. 🕺🏻,TRUE,2025-07-23T08:10:44.000Z,https://www.tiktok.com/@mujapom/video/7530186803039489288
https://p16-common-sign-sg.tiktokcdn-us.com/tos-alisg-avt-0068/0cfd22e2a169a2125921eae6aca35062~tplv-tiktokx-cropcenter:720:720.jpeg?dr=9640&refresh_token=4bd12b92&x-expires=1753556400&x-signature=tQeAwOvBVNiAvKTuq59m%2FJtuj9M%3D&t=4d5b0474&ps=13740610&shp=a5d48078&shcp=81f88b70&idc=useast8,fitnumgun65,"ท่าเดียวได้ครบจบทุกส่วน‼️

#ออกกําลังกายที่บ้าน #ลดไขมันสร้างกล้ามเนื้อ #ฟิตหุ่น #ปั้นหุ่นแซ่บ ",71,3,1188,1,13,Mixtape MINH HY,DJ MINH HY,TRUE,2025-07-22T11:23:01.000Z,https://www.tiktok.com/@fitnumgun65/video/7529865268596673799
https://p16-common-sign-sg.tiktokcdn-us.com/tos-alisg-avt-0068/e1edf63d60fdb48c9c3eb3402c48e07d~tplv-tiktokx-cropcenter:720:720.jpeg?dr=9640&refresh_token=dfb6176a&x-expires=1753556400&x-signature=nUNn6bWj%2BW9kV9ePDaFzXLLjec4%3D&t=4d5b0474&ps=13740610&shp=a5d48078&shcp=81f88b70&idc=useast8,nnumm.num,"Replying to @Rita Siriphan  แชร์ตารางที่เราออกช่วงWeek1 สามารถปรับเปลี่ยนได้หมดเลย เพราะร่างกาย,สรีระ,กล้ามเนื้อ,การสะสมไขมันของแต่ละคนแตกต่างกัน ไม่จำเป็นต้องfixเกินไป ออกเท่าที่ไหวและที่สำคัญห้ามเครียด💓✌🏻✌🏻 #ออกกําลังกายที่บ้าน #ออกกําลังกาย #สุขภาพดี #ปั้นหุ่นแซ่บ ",99300,3386,1200000,139,13,Seaside_demo by SEB,SEB,TRUE,2023-06-22T07:35:53.000Z,https://www.tiktok.com/@nnumm.num/video/7247410918663965958
https://p16-common-sign-va.tiktokcdn-us.com/tos-maliva-avt-0068/20d7c538f6d196da832dede06abfb9b3~tplv-tiktokx-cropcenter:720:720.jpeg?dr=9640&refresh_token=c44a1ccb&x-expires=1753556400&x-signature=clxZL5%2Be6DBl7wQ36YfULYZvbbw%3D&t=4d5b0474&ps=13740610&shp=a5d48078&shcp=81f88b70&idc=useast8,lalitlunsakae,"5 คลิปที่เราใช้ออกประจำ✨💖
#ลดน้ําหนักด้วยตัวเอง #เปลี่ยนแปลงตัวเอง #ออกกําลังกาย  #ลดน้ําหนัก 
#ลดความอ้วน #คนเคยอ้วน #fyp ",166700,6731,1700000,547,18,What It Is (Block Boy) - Sped Up,Doechii,FALSE,2023-07-29T11:40:27.000Z,https://www.tiktok.com/@lalitlunsakae/video/7261204094516350213
https://p16-common-sign-sg.tiktokcdn-us.com/tos-alisg-avt-0068/7331782064867377170~tplv-tiktokx-cropcenter:720:720.jpeg?dr=9640&refresh_token=f25cd5e9&x-expires=1753556400&x-signature=2vbF1Bd0MKaO9m40%2F3BaJJtwRa0%3D&t=4d5b0474&ps=13740610&shp=a5d48078&shcp=81f88b70&idc=useast8,bebefitroutineshop,อยากออกกำลังกายแต่ไม่รู้จะเริ่มจากท่าไหน วันนี้ Bebe fit routine มีท่าออกกำลังกายง่ายๆใครก็ทำได้แค่วันละ 15 นาทีมาบอก เซฟไว้ทำตามกันได้เลยค่า #bebefitroutine #ออกกําลังกายที่บ้าน  #วงการเบเบ้ ,14400,1141,316800,63,68,เสียงต้นฉบับ - Bebe Fit Routine Shop,Bebe Fit Routine Shop,TRUE,2023-05-01T12:37:31.000Z,https://www.tiktok.com/@bebefitroutineshop/video/7228192229687332101
https://p16-common-sign-sg.tiktokcdn-us.com/tos-alisg-avt-0068/08c9cd3f2e0011cfc4b3e175171759d7~tplv-tiktokx-cropcenter:720:720.jpeg?dr=9640&refresh_token=1ed27cb9&x-expires=1753556400&x-signature=SXj%2FAGsG8ZYBke1jA7VYziGEGZc%3D&t=4d5b0474&ps=13740610&shp=a5d48078&shcp=81f88b70&idc=useast8,callmeplayjoy,ตอบกลับ @noo_pu_pornpan 5 ท่าลดไขมันทั้งตัว ทำทุกวันหุ่นลีน 🔥🔥🔥 #callmeplayjoy #ลดพุง #ลดไขมัน #ออกกําลังกายง่ายๆได้ที่บ้าน,61500,6501,1300000,803,35,FEEL THE GROOVE,"Queens Road, Fabian Graetz",FALSE,2023-08-10T11:49:05.000Z,https://www.tiktok.com/@callmeplayjoy/video/7265659345700916486
https://p19-common-sign-sg.tiktokcdn-us.com/tos-alisg-avt-0068/7336709083367473172~tplv-tiktokx-cropcenter:720:720.jpeg?dr=9640&refresh_token=ef105e78&x-expires=1753556400&x-signature=XJLJUJOvqbXm%2FsPfP2EJtTKaVIc%3D&t=4d5b0474&ps=13740610&shp=a5d48078&shcp=81f88b70&idc=useast5,sriphayak21,กวาดให้เรียบ😀💞💚สถานปฏิบัติธรรมวัดพระธาตุผาเงา เชียงแสน เชียงราย #วัดพระธาตุผาเงา #หนุ่มพระยาแล #กวาดใบไม้ #ออกกำลังกาย ,1300000,97700,17600000,9614,15,เสียงต้นฉบับ - หนุ่มพระยาแล,หนุ่มพระยาแล,TRUE,2023-08-16T12:28:26.000Z,https://www.tiktok.com/@sriphayak21/video/7267895999362993414
https://p16-common-sign-sg.tiktokcdn-us.com/tos-alisg-avt-0068/635db52f572b3cc3c271e081e6fea9dc~tplv-tiktokx-cropcenter:720:720.jpeg?dr=9640&refresh_token=1cc992e3&x-expires=1753556400&x-signature=a9oIUGyU5zZ9RUF%2Bf6zri1VTgVY%3D&t=4d5b0474&ps=13740610&shp=a5d48078&shcp=81f88b70&idc=useast5,ibig69,"แล้วชอบเจอแต่ขากลับบ้านตอนที่กุหมดแรงแล้ว😭 พลังงานที่ฉันไม่ต้องการ😅

#ปั่นจักรยาน #ออกกำลังกาย #เสือหมอบ #จักรยานเสือหมอบ #tiktokการกีฬา #หมาไล่กัด #cycling #cyclinglife #roadbike #มาออกกําลังกายกันเถอะ #อ้ายbigอยากเป็นขาแรง ",1100000,435100,7800000,10300,33,เจิดจรัส (Hook 3),YOUNGOHM,FALSE,2025-07-01T01:02:52.000Z,https://www.tiktok.com/@ibig69/video/7521912660808568071
https://p16-common-sign-sg.tiktokcdn-us.com/tos-alisg-avt-0068/71e81ab8d27e0badb803f9b57ae52d69~tplv-tiktokx-cropcenter:720:720.jpeg?dr=9640&refresh_token=8bdaa522&x-expires=1753556400&x-signature=agbUL%2B78p5iSxVbpx5nB953kxwI%3D&t=4d5b0474&ps=13740610&shp=a5d48078&shcp=81f88b70&idc=useast5,mini_aoe,วิธีทำไม่ให้ปวดหลัง #ลดพุงล่าง #ลดไขมัน #ออกกําลังกาย #workout #exercise #botap #tiktokuni #ลดความอ้วน #tiktokการกีฬา #ปั้นกล้ามตามแม่โอ๋,1000000,42200,18700000,2508,11,оригинальный звук,🦂 IDRIS 🦂,TRUE,2022-07-02T05:27:05.000Z,https://www.tiktok.com/@mini_aoe/video/7115642492845853979
https://p16-common-sign-sg.tiktokcdn-us.com/tos-alisg-avt-0068/a7c4cb95a1573ebf9b97bb2f2b013d3d~tplv-tiktokx-cropcenter:720:720.jpeg?dr=9640&refresh_token=d6a7d898&x-expires=1753556400&x-signature=zWRWuwdtJErkoboz4vamMjWTnPM%3D&t=4d5b0474&ps=13740610&shp=a5d48078&shcp=81f88b70&idc=useast5,1_watcharika_channal,ตอบกลับ @noppachai0 เอาเรื่องครับ @ธาริกา_วัชระ👩‍❤️‍💋‍👨วัชริกา #วัชริกา #รักต่างวัย20ปี #พบรักในtiktok #วิดพื้น #ดันพื้น #ออกกำลังกาย #เลิกเหล้า #เลิกบุหรี่ #รีวิว #tiktok,982000,1655,12000000,10600,153,เสียงต้นฉบับ - 1 วัชริกา แชนเนล,1 วัชริกา แชนเนล,TRUE,2022-09-22T11:53:33.000Z,https://www.tiktok.com/@1_watcharika_channal/video/7146171023677771035
https://p16-common-sign-va.tiktokcdn-us.com/tos-maliva-avt-0068/2ca8392ec5761611ea98c68f014cec0e~tplv-tiktokx-cropcenter:720:720.jpeg?dr=9640&refresh_token=e2b30a7d&x-expires=1753556400&x-signature=gQnPpseV7RuJvUco8vTdMloAmhU%3D&t=4d5b0474&ps=13740610&shp=a5d48078&shcp=81f88b70&idc=useast5,aekkasit_sw,เมื่อสายcalisthenicsมาในนามพระอภัยมณี#calisthenics #handstand #หกสูง #16y #calisthenicsinschool #วันภาษาไทย #วันสุนทรภู่ #พระอภัยมณี #ออยที่สูง163cm🍉🍎 #fyp #ออกกําลังกาย #steetworkout #วันภาษาไทยแห่งชาติ #calisthenicsreaction #โรงเรียนห้วยหินพิทยาคม ,981400,10100,11000000,1390,25,PHONK BRASILEIRO FRESCO,DJ MOIGUS & DJ FKU,FALSE,2023-07-26T07:02:23.000Z,https://www.tiktok.com/@aekkasit_sw/video/7260019184728395013
https://p19-common-sign-va.tiktokcdn-us.com/tos-maliva-avt-0068/7de35396bd3753b51e6a7fd29f87710a~tplv-tiktokx-cropcenter:720:720.jpeg?dr=9640&refresh_token=50d2ee30&x-expires=1753556400&x-signature=nKLlzmJYxt%2F5RbwUZtcfEla747Y%3D&t=4d5b0474&ps=13740610&shp=a5d48078&shcp=81f88b70&idc=useast5,jenna89986,#ลดน้ําหนัก #ปีกหลังสวย #ท่าออกกําลังกาย #ดูแลตัวเอง #ออกกําลังกาย ,921100,93100,16300000,1109,49,Your Body,Valentino Khan & Nitti Gritti,FALSE,2023-12-16T13:32:31.000Z,https://www.tiktok.com/@jenna89986/video/7313184900218162438
https://p16-common-sign-sg.tiktokcdn-us.com/tos-alisg-avt-0068/f7c8e6345e8c16af714bbef22a052da0~tplv-tiktokx-cropcenter:720:720.jpeg?dr=9640&refresh_token=57922690&x-expires=1753556400&x-signature=NovGtt6z70bl0gYYujGjAPpJ0Ws%3D&t=4d5b0474&ps=13740610&shp=a5d48078&shcp=81f88b70&idc=useast5,nongtrue1609,ท่านี้ฝึกเกร็งได้ดีทำตามกันดูนะคะ กล้ามมาแน่นอน 💪🏻#เทรนด์มาแรง100ล้านวิว #ออกกําลังกาย #แม่หน่องอิโม๊ะโช๊ะ #fyp #แม่หน่องกระบองพิฆาตไขมัน #ขึ้นฟีด #ลดน้ําหนัก #ลดไขมัน #ออกกำลังกายด้วยกระบอง #สุขภาพดี ,915600,404100,17200000,4793,33,เสียงต้นฉบับ - แม่หน่อง อิโม๊ะโช๊ะ,แม่หน่อง อิโม๊ะโช๊ะ,TRUE,2024-11-17T09:37:44.000Z,https://www.tiktok.com/@nongtrue1609/video/7438180107409247506
https://p19-common-sign-sg.tiktokcdn-us.com/tos-alisg-avt-0068/43c1ad41091533cec98e8c8ea0feded0~tplv-tiktokx-cropcenter:720:720.jpeg?dr=9640&refresh_token=40c261c5&x-expires=1753556400&x-signature=V%2FV3ukR2dbK3urOvcLQPzf7vAf8%3D&t=4d5b0474&ps=13740610&shp=a5d48078&shcp=81f88b70&idc=useast5,kaminkub,เต่างอยตลอดไป #เต่างอย #ออกกำลังกาย #Beatsaber #เกมน่าเล่น #kaminkub ,837700,114700,10600000,5347,59,เสียงต้นฉบับ - KaminKub,KaminKub,TRUE,2024-10-12T17:00:14.000Z,https://www.tiktok.com/@kaminkub/video/7424935061490797832
https://p16-common-sign-sg.tiktokcdn-us.com/tos-alisg-avt-0068/a7a836049745c919b75227dd0f5a5b24~tplv-tiktokx-cropcenter:720:720.jpeg?dr=9640&refresh_token=c339a5b0&x-expires=1753556400&x-signature=Q8fHblTlQoESauMJupgWAGVwAis%3D&t=4d5b0474&ps=13740610&shp=a5d48078&shcp=81f88b70&idc=useast5,palakorn11,รักการเต้นแต่ไม่เน้นเข้าผับ 🤣#ออกกําลังกาย #ลําไยไหหองคํา ,780400,18200,6100000,3939,35,เสียงต้นฉบับ - ลำไย ไหทองคำ(สุพรรณษา เวชกามา),ลำไย ไหทองคำ(สุพรรณษา เวชกามา),TRUE,2024-03-13T11:33:18.000Z,https://www.tiktok.com/@palakorn11/video/7345809672194067730
https://p19-common-sign-va.tiktokcdn-us.com/tos-maliva-avt-0068/28507c797c0059605d492869728534ea~tplv-tiktokx-cropcenter:720:720.jpeg?dr=9640&refresh_token=49941aeb&x-expires=1753556400&x-signature=KzjBbWAPeBIlAfBHZ%2BYPgfk8fQY%3D&t=4d5b0474&ps=13740610&shp=a5d48078&shcp=81f88b70&idc=useast5,teddy_bear3435,#fyp #fypシ゚ #foryoupage #weightlossjouney #weightlosscheck #ดูแลตัวเอง #ดูแลสุขภาพ #ลดน้ําหนักด้วยตัวเอง #ลดน้ําหนัก #ออกกําลังกาย #ออกกําลังกายที่บ้าน #เปลี่ยนแปลงตัวเอง #อดีตvsปัจจุบัน #weightloss #exercise ,740300,46300,5000000,2097,0,เสียงต้นฉบับ - WhiteMusicOfficial,WhiteMusicOfficial,TRUE,2025-02-08T09:37:33.000Z,https://www.tiktok.com/@teddy_bear3435/video/7468980114190093575
https://p16-common-sign-va.tiktokcdn-us.com/tos-maliva-avt-0068/7a551ba71c3fb14a7283876a7a8576a5~tplv-tiktokx-cropcenter:720:720.jpeg?dr=9640&refresh_token=aeaf7c09&x-expires=1753556400&x-signature=5HdFGuNsshsQzkMnUXfoySY2%2B8c%3D&t=4d5b0474&ps=13740610&shp=a5d48078&shcp=81f88b70&idc=useast5,_mama_martin,พาเด็กไปเพิ่มความสูงกัน!! #บ้านฉัน #mamamartin #บ้านฉันสนุกเว่อร์ #ออกกำลังกาย #ปฏิบัติโดยผู้เชี่ยวชาญ #มากกว่า60วิ,732500,7710,7800000,763,72,ไอ้หนุ่ย - หนุ่ยทิ้งพี่ไป หัวใจช้ำทรวง,SPRITE,FALSE,2022-07-06T10:42:37.000Z,https://www.tiktok.com/@_mama_martin/video/7117208146812161307
https://p16-common-sign-va.tiktokcdn-us.com/tos-maliva-avt-0068/ec5b2cfdb561dc512257386e91bd8ae1~tplv-tiktokx-cropcenter:720:720.jpeg?dr=9640&refresh_token=dd9671a1&x-expires=1753556400&x-signature=xbyjjUkme66KlaExTWZvP5oHcZ4%3D&t=4d5b0474&ps=13740610&shp=a5d48078&shcp=81f88b70&idc=useast5,ff7546,#ฟิตเนสที่บ้าน #ลดน้ําหนัก #ออกกําลังกาย #รักสุขภาพ #ปั้นหุ่นแซ่บ ,696400,110600,22600000,1300,5,Toca Toca - Tik-Tok Challange,Fly Project,FALSE,2023-07-05T14:29:03.000Z,https://www.tiktok.com/@ff7546/video/7252341505459784966
https://p16-common-sign-va.tiktokcdn-us.com/tos-maliva-avt-0068/27107cd76aa196bcc82218901cef901d~tplv-tiktokx-cropcenter:720:720.jpeg?dr=9640&refresh_token=978f825f&x-expires=1753556400&x-signature=yWyebz%2BAPPrWaYrirKWS2mEfxjc%3D&t=4d5b0474&ps=13740610&shp=a5d48078&shcp=81f88b70&idc=useast8,korawin_clinic,จะทำได้มั้ย ทำได้หรือป่าว #ฟิลเลอร์ปาก #โปรแกรมฟิลเลอลร์ #กรวินคลินิก #เสริมความงาม #กรวินคลินิกเปิดให้บริการ33สาขาทั่วประเทศ,43,2,1049,1,42,original sound - Korawin Clinic กรวินคลินิก,Korawin Clinic กรวินคลินิก,TRUE,2025-07-24T10:30:00.000Z,https://www.tiktok.com/@korawin_clinic/video/7530203130051562759
https://p16-common-sign-sg.tiktokcdn-us.com/tos-alisg-avt-0068/3ad30bfb5ecbd26fe0584b19252e3907~tplv-tiktokx-cropcenter:720:720.jpeg?dr=9640&refresh_token=cddb3078&x-expires=1753556400&x-signature=MLawQwtlfmUCC3SlZQFHeOA5h2s%3D&t=4d5b0474&ps=13740610&shp=a5d48078&shcp=81f88b70&idc=useast8,malepheromones2025,"""ศัลยกรรมเสริมความงามที่ดีที่สุดของ ผู้ชาย คือ ชุดลายพราง
#เทรนด์วันนี้ #creatorsearchinsights ",67,1,762,1,13,original sound,malepheromones,TRUE,2025-07-23T18:22:17.000Z,https://www.tiktok.com/@malepheromones2025/video/7530344386723417352
https://p16-common-sign-sg.tiktokcdn-us.com/tos-alisg-avt-0068/d6a59b3db3bdf12f6deb4d77c2be76d0~tplv-tiktokx-cropcenter:720:720.jpeg?dr=9640&refresh_token=4c2d53de&x-expires=1753556400&x-signature=zCb4rFPe8%2BcjCslp1odjFG%2BOXWU%3D&t=4d5b0474&ps=13740610&shp=a5d48078&shcp=81f88b70&idc=useast8,appleee_ple,ห้ามไปฉีด Radiesse เด็ดขาด มันจะสวยเกินต้าน 555 @VV Clinic  #fyp #รีวิวradiesse #คลินิกเสริมความงาม #คลินิกเชียงใหม่ #vvclinic #รีวิวของดีบอกต่อ #ดันขึ้นฟีดที ,59,4,1349,4,51,Stealthy mischief(1088178),KBYS,FALSE,2025-07-24T11:17:43.000Z,https://www.tiktok.com/@appleee_ple/video/7530606078631939336
https://p16-common-sign-sg.tiktokcdn-us.com/tos-alisg-avt-0068/99a522190df997ebb6bc73d965c44348~tplv-tiktokx-cropcenter:720:720.jpeg?dr=9640&refresh_token=ce5829d3&x-expires=1753556400&x-signature=8n%2Fjd1irMkBlqO1aNOmN5%2BBTeCQ%3D&t=4d5b0474&ps=13740610&shp=a5d48078&shcp=81f88b70&idc=useast8,natacha.clinic,"#เทรนด์วันนี้ วันนี้คุณหมอเข้ามาทำสวยกั้น ฟรี 2 ชั้น‼️💖🙀

 #c#clinicค#คลินิกเสริมความงามค#คลินิกพี่คิตตี้#น#นาตาชาคลินิก
        ",66,1,1149,0,13,Future,Official Sound Studio,FALSE,2025-07-24T05:00:42.000Z,https://www.tiktok.com/@natacha.clinic/video/7530508914249534727
https://p16-common-sign-sg.tiktokcdn-us.com/tos-alisg-avt-0068/99a522190df997ebb6bc73d965c44348~tplv-tiktokx-cropcenter:720:720.jpeg?dr=9640&refresh_token=ce5829d3&x-expires=1753556400&x-signature=8n%2Fjd1irMkBlqO1aNOmN5%2BBTeCQ%3D&t=4d5b0474&ps=13740610&shp=a5d48078&shcp=81f88b70&idc=useast8,natacha.clinic,"คางสวยทรงเป๊ะ เตรียมคว้ามงดาวมหาลัย👑✨😍

#natachas #kittynatacha #natachaclinic
 #clinic #คลินิกเสริมความงาม  
  
        ",59,10,1046,0,51,เสียงต้นฉบับ - คลินิกศัลยกรรมหัตถการพี่คิตตี้,คลินิกศัลยกรรมหัตถการพี่คิตตี้,TRUE,2025-07-24T06:54:07.000Z,https://www.tiktok.com/@natacha.clinic/video/7530538141787213074
https://p16-common-sign-useast2a.tiktokcdn-us.com/tos-useast2a-avt-0068-giso/ac03452d8abdd9864b8f4fb56573729e~tplv-tiktokx-cropcenter:720:720.jpeg?dr=9640&refresh_token=84ebc121&x-expires=1753556400&x-signature=wE2KACDRdtobKPuJn1Tsoqn7FNY%3D&t=4d5b0474&ps=13740610&shp=a5d48078&shcp=81f88b70&idc=useast8,dr.natthaphong,#คลินิกเสริมความงาม #คลินิกหมอณัฐพงษ์พุทธมณฑลสาย3 #ตื่นมามีนม#ลูกสาวหมอณัฐพงษ์ ,54,1,1753,0,8,RaoRakGaeTaoTeeKonKonNeungJaRakDai,ZEEMON,FALSE,2025-07-23T08:45:49.000Z,https://www.tiktok.com/@dr.natthaphong/video/7530195820273061141
https://p16-common-sign-sg.tiktokcdn-us.com/tos-alisg-avt-0068/a59571f7d9480b901470c8a1ef70d255~tplv-tiktokx-cropcenter:720:720.jpeg?dr=9640&refresh_token=dfec0d33&x-expires=1753556400&x-signature=ki7mb7xV2uYEd7yHoeLzvuusmYk%3D&t=4d5b0474&ps=13740610&shp=a5d48078&shcp=81f88b70&idc=useast8,urclinic8,"ตอบกลับ @ratsameeduangkamj ดึงหน้าหมออาร์ม เหมาจบ79,900✨#เทรนวันนี้ #คลินิกดึงหน้าหมออาร์ม #คลินิกเสริมความงาม #หมออาร์มยูอาร์ #ดึงหน้า #ดึงหน้าหมออาร์ม #คลินิกโคราช ",76,16,986,3,59,เสียงต้นฉบับ - ดึงหน้า หมออาร์ม โคราช,ดึงหน้า หมออาร์ม โคราช,TRUE,2025-07-23T10:38:36.000Z,https://www.tiktok.com/@urclinic8/video/7530224911864827154
https://p16-common-sign-sg.tiktokcdn-us.com/tos-alisg-avt-0068/840b852bcbb76ebc75255985896ca3b7~tplv-tiktokx-cropcenter:720:720.jpeg?dr=9640&refresh_token=f5adf83b&x-expires=1753556400&x-signature=vfGXG6ZJy7owjZ8asldadpiwJnk%3D&t=4d5b0474&ps=13740610&shp=a5d48078&shcp=81f88b70&idc=useast8,punyaphon041,#florenzaclinic 💉💜 #คลีนิกเสริมความงาม ,125,1,2599,10,35,เสียงต้นฉบับ - รีน (3.7M),รีน (3.7M),TRUE,2025-07-17T07:24:52.000Z,https://www.tiktok.com/@punyaphon041/video/7527948463754005768
https://p16-common-sign-sg.tiktokcdn-us.com/tos-alisg-avt-0068/ef3c9001266587c01b0f0ea998e19b3d~tplv-tiktokx-cropcenter:720:720.jpeg?dr=9640&refresh_token=a317cbb0&x-expires=1753556400&x-signature=HHg0iIZrAcK1dsx0908WNNw29dQ%3D&t=4d5b0474&ps=13740610&shp=a5d48078&shcp=81f88b70&idc=useast8,fioraclinic,ด่วน เจอกวาง ฟิออร่าจันทบุรี #ฟิออร่าคลินิก #คลินิกสมุทรสาคร #คลินิกมหาชัย #หมอเพชรปรับรูปหน้า #คลินิกเสริมความงาม #หน้าเด็ก #รีวิวบิวตี้ ,56,19,1063,11,19,เสียงต้นฉบับ - เนยทวินเทล,เนยทวินเทล,FALSE,2025-07-24T05:20:44.000Z,https://www.tiktok.com/@fioraclinic/video/7530514071385279752
https://p16-common-sign-sg.tiktokcdn-us.com/tos-alisg-avt-0068/334d3da4b81949f0d24cf2012015ebb7~tplv-tiktokx-cropcenter:720:720.jpeg?dr=9640&refresh_token=c1816a1a&x-expires=1753556400&x-signature=%2Bc41JDrxi%2FBHCbBbV48pRB6AWRw%3D&t=4d5b0474&ps=13740610&shp=a5d48078&shcp=81f88b70&idc=useast8,tamadaclinic,"แพลนบีสุดจะจึ้ง! 🤧💘

#ธรรมดาคลินิก #tamadaclinic #คุณหมอทามะ #คลินิกเสริมความงาม ",43,1,1473,1,14,เสียงต้นฉบับ - ธรรมดา คลินิก ta-ma-da clinic,ธรรมดา คลินิก ta-ma-da clinic,TRUE,2025-07-23T11:38:28.000Z,https://www.tiktok.com/@tamadaclinic/video/7530240337651174674
https://p16-common-sign-sg.tiktokcdn-us.com/tos-alisg-avt-0068/30a936b440c2ef2f9c7922f9119c79cc~tplv-tiktokx-cropcenter:720:720.jpeg?dr=9640&refresh_token=e0f7d884&x-expires=1753556400&x-signature=0nJfliKN%2BCEerATuVLG5NFsWA7g%3D&t=4d5b0474&ps=13740610&shp=a5d48078&shcp=81f88b70&idc=useast8,nadaclinicpattani2,#คลินิกเสริมความงาม #ดริปวิตามินผิว #ดันขึ้นฟีดที #fyp #fyppppppppppppppppppppppp ,38,2,1230,1,12,original sound - 🐯ဂျူနီယာလေး🐯🇲🇲🇲🇲,🐯ဂျူနီယာလေး🐯🇲🇲🇲🇲,TRUE,2025-07-22T11:11:09.000Z,https://www.tiktok.com/@nadaclinicpattani2/video/7529862209908919559
https://p16-common-sign-useast2a.tiktokcdn-us.com/tos-useast2a-avt-0068-giso/fdb37bff0da1d722478f833b7da3b5a5~tplv-tiktokx-cropcenter:720:720.jpeg?dr=9640&refresh_token=4da27379&x-expires=1753556400&x-signature=9K68s%2FmyzVD0n2uUIevBXIZdx4Q%3D&t=4d5b0474&ps=13740610&shp=a5d48078&shcp=81f88b70&idc=useast8,tonliewclinic,#หมอหลิว #ต้นหลิวคลินิก #หมอ #คลินิกศัลยกรรม #คลินิกใกล้ฉัน #คลินิกเสริมความงาม #tiktokการแสดง #tiktokการละคร #คนไทยเป็นคนตลก #fpy #ผู้ช่วย,68,1,1426,4,20,original sound - หมอหลิว Dr.Liew,หมอหลิว Dr.Liew,TRUE,2025-07-23T11:00:00.000Z,https://www.tiktok.com/@tonliewclinic/video/7528708174371687688
https://p16-common-sign-sg.tiktokcdn-us.com/tos-alisg-avt-0068/6ce5bbe0b467495c5508ffab845129d5~tplv-tiktokx-cropcenter:720:720.jpeg?dr=9640&refresh_token=3e984fdb&x-expires=1753556400&x-signature=9UKkniZ7ELuWsWeKoh3lfqwOiFY%3D&t=4d5b0474&ps=13740610&shp=a5d48078&shcp=81f88b70&idc=useast8,tannie485,ความน่ารักของสาวซัมเมอร์ #summerclinicphuket #คลินิกเสริมความงาม #ภูเก็ต ,1396,4,22000,64,15,รูดท่อมใส่บัตร,เต็ม นาวา,FALSE,2025-01-17T04:30:05.000Z,https://www.tiktok.com/@tannie485/video/7460737009313664263
https://p19-common-sign-sg.tiktokcdn-us.com/tos-alisg-avt-0068/4f3cdfbfc28371530db4f89de89c439c~tplv-tiktokx-cropcenter:720:720.jpeg?dr=9640&refresh_token=6013f2f9&x-expires=1753556400&x-signature=NXuTJZs0Qbmt%2FXkI272QCOgLH3Y%3D&t=4d5b0474&ps=13740610&shp=a5d48078&shcp=81f88b70&idc=useast8,houn2531,บริการสระผมเสริมความงาม(ไม่พอใจยินดีคืนเงิน)😆#🤗อ้ายสิงห์เสียเส้น ,340200,84700,3900000,9821,58,เสียงต้นฉบับ - อ้ายสิงห์เสียเส้น,อ้ายสิงห์เสียเส้น,TRUE,2025-01-26T03:28:39.000Z,https://www.tiktok.com/@houn2531/video/7464060914359225621
https://p16-common-sign-sg.tiktokcdn-us.com/tos-alisg-avt-0068/840b852bcbb76ebc75255985896ca3b7~tplv-tiktokx-cropcenter:720:720.jpeg?dr=9640&refresh_token=f5adf83b&x-expires=1753556400&x-signature=vfGXG6ZJy7owjZ8asldadpiwJnk%3D&t=4d5b0474&ps=13740610&shp=a5d48078&shcp=81f88b70&idc=useast8,punyaphon041,🫣 #ผู้ช่วยแพทย์ #คลีนิกเสริมความงาม ,257,1,2298,4,14,សំឡេងដើម - NAY DET_នាយដេត-007™TR,NAY DET_នាយដេត-007™TR,TRUE,2025-07-19T10:44:19.000Z,https://www.tiktok.com/@punyaphon041/video/7528742041371577607
https://p16-common-sign-sg.tiktokcdn-us.com/tos-alisg-avt-0068/15f153229ee79a4178e1eb7be9c71e40~tplv-tiktokx-cropcenter:720:720.jpeg?dr=9640&refresh_token=ac59ce9a&x-expires=1753556400&x-signature=B5uc%2BkaFRJS0KVQY9wj3spz%2FHcI%3D&t=4d5b0474&ps=13740610&shp=a5d48078&shcp=81f88b70&idc=useast8,apas1998,ตอบกลับ @❤️💌 🤭🤭🤭👈🏻👈🏻👈🏻 มาตอบแว้ววววจ้า#พยาบาลคลินิกเสริมความงาม #พยาบาลวิชาชีพ ,622,70,31100,35,57,เสียงต้นฉบับ - 🦄 Jao Ying 🦄,🦄พยาบาลหญิง🦄(ช่องจริง),TRUE,2023-09-27T12:54:08.000Z,https://www.tiktok.com/@apas1998/video/7283488198716607750
https://p16-common-sign-sg.tiktokcdn-us.com/tos-alisg-avt-0068/67afa765e1b926e73db09efba4c2bcfa~tplv-tiktokx-cropcenter:720:720.jpeg?dr=9640&refresh_token=d58b041f&x-expires=1753556400&x-signature=lnNvLdXtbS10RIdp2ERON8Z9SLk%3D&t=4d5b0474&ps=13740610&shp=a5d48078&shcp=81f88b70&idc=useast8,oil.praiay94,"คลินิกเสริมความงาม 
จมูก โบท็อกซ์ มาเปิด
สี่แยกCKปลวกแดงไม่ต้องไปไกลแล้ว🥰 #ปลวกแดงระยอง #คลินิกเสริมความงาม  ",2552,207,97900,85,14,บักใจง่าย,วี พนมภูไท,TRUE,2023-03-01T13:09:26.000Z,https://www.tiktok.com/@oil.praiay94/video/7205564244421545242
https://p16-common-sign-sg.tiktokcdn-us.com/tos-alisg-avt-0068/b00c1ee015b1752ed6d8fd7199ffd9c1~tplv-tiktokx-cropcenter:720:720.jpeg?dr=9640&refresh_token=5d5cfdb0&x-expires=1753556400&x-signature=52k%2BoV8UroOiYjrXisFzJEUXk4o%3D&t=4d5b0474&ps=13740610&shp=a5d48078&shcp=81f88b70&idc=useast8,.ployrada52,#พลอยรดาคลินิกสาขาบ่อวิน #คลินิกเสริมความงาม #ยูนิฟอร์มใหม่ ❤️,81,5,3282,4,13,เสียงต้นฉบับ - หนม’ แหนม.,หนม ฯ.,TRUE,2025-06-10T05:19:27.000Z,https://www.tiktok.com/@.ployrada52/video/7514185998423624968
https://p16-common-sign-va.tiktokcdn-us.com/tos-maliva-avt-0068/501e7b8e3a411461ff696b65f52ca559~tplv-tiktokx-cropcenter:720:720.jpeg?dr=9640&refresh_token=396b4f92&x-expires=1753556400&x-signature=L1avKAlsvyeO5FdFILhbX7VwXnI%3D&t=4d5b0474&ps=13740610&shp=a5d48078&shcp=81f88b70&idc=useast8,sleeproom_beauty,"ดีกว่า BB GLOW ✨ ต้อง DD GLOW treatment 🫶🏻 เจ้าแรกเจ้าเดียวในประเทศไทย 📍Sleeproom beauty  เป็นเจ้าของสูตรแต่เพียงผู้เดียว 🤍 ให้ผลลัพธ์ที่ล้ำลึกกว่า BB glow |                                DD GLOW✨ Traetment
( 🧬ฉ่ำเงา&แข็งแรง )
Only @sleeproom beauty

✅ บำรุงล้ำลึกกว่า BB GLOW
✅ สูตรลับเฉพาะ Sleeproom beauty 
✅ เห็นผลตั้งแต่ครั้งแรก
✅ ผิวฉ่ำวาว แต่งหน้าติดทน
✅ ลดรอยสิว ฝ้า กระ
✅ ฟื้นฟูผิว ริ้วรอยล้ำลึก
✅ ผิวสว่างขึ้น 1-2 ระดับ
✅ ปรับผิวจริงเนียนขึ้น
✅ สร้างเกราะป้องกันผิว
✅ รูขุมขนกระชับ ลดหน้ามัน

PRO REVIEW
🌟1,099฿🌟
ราคาเต็ม (1,599฿)

**เงื่อนไขโปร ถ่ายเก็บรีวิว+จองมัดจำ+เช็คอิน หากไม่สะดวกเป็นเป็นราคาเต็มค่ะ **  ##DDglow#DDglow##DDglowtreatment##DDglowเจ้าแรกเจ้าเดียวในไทย  ##เจ้าของสูตร #bbglowt#bbglowtreatmentกล#บีบีโกลล์พ#bbglowพัทยาb#บีบีp#bbglowpattayaล#บีบีโกลล์พัทยาo#sleeproomเล็บ #ร้านทําเล็บัทยา #ร้านทําเล็บพัทยาขน#ลิฟติ้งขนตาห#สปา##นวดหน้าา#bbglowร้านดังในพัทยาานแรกในพัทยา ",911,171,46000,97,37,原声 - buqicrew_official,buqicrew_official,TRUE,2025-07-05T18:41:38.000Z,https://www.tiktok.com/@sleeproom_beauty/video/7523669849101339922
https://p19-common-sign-sg.tiktokcdn-us.com/tos-alisg-avt-0068/a3c5ccdd2ed9d59470236f187596ba24~tplv-tiktokx-cropcenter:720:720.jpeg?dr=9640&refresh_token=f28cebeb&x-expires=1753556400&x-signature=7SVz2yPSGAB67eL7SKLITIs9y88%3D&t=4d5b0474&ps=13740610&shp=a5d48078&shcp=81f88b70&idc=useast8,morningsundaeeee,"ทำไมกันนะ
#pov #fyp #คลินิกเสริมความงาม ",26900,1736,380900,301,5,เสียงต้นฉบับ - เม มิ,เมลูกตาเอ,TRUE,2025-03-02T11:08:36.000Z,https://www.tiktok.com/@morningsundaeeee/video/7477167457417940232
https://p16-common-sign-useast2a.tiktokcdn-us.com/tos-useast2a-avt-0068-aiso/81ff014e860a483cdeac3d3af60cb0a1~tplv-tiktokx-cropcenter:720:720.jpeg?dr=9640&refresh_token=66e60c6f&x-expires=1753556400&x-signature=k2cjBbitIVqXlEgSz6s8Tnj00G0%3D&t=4d5b0474&ps=13740610&shp=a5d48078&shcp=81f88b70&idc=useast8,pondonnews,อีซ้อแฉพนักงานคลีนิกเสริมความงามกรูเข้ามาลากหนุ่ม 17 เข้าไปปิดการขาย สุดท้ายเสียร่วมแสน #อีซ้อขยี้ข่าว #คลีนิกเสริมความงาม #หนุ่ม17 #ปิดการขาย #คลีนิก #pondonnews ,53700,1079,1400000,1556,129,เสียงต้นฉบับ - Pond on News,Pond on News,TRUE,2024-03-19T08:26:40.000Z,https://www.tiktok.com/@pondonnews/video/7347988073432599826
https://p16-common-sign-sg.tiktokcdn-us.com/tos-alisg-avt-0068/840b852bcbb76ebc75255985896ca3b7~tplv-tiktokx-cropcenter:720:720.jpeg?dr=9640&refresh_token=f5adf83b&x-expires=1753556400&x-signature=vfGXG6ZJy7owjZ8asldadpiwJnk%3D&t=4d5b0474&ps=13740610&shp=a5d48078&shcp=81f88b70&idc=useast8,punyaphon041,555555 #ผู้ช่วยแพทย์ #คลีนิกเสริมความงาม ,151,0,1210,0,15,เสียงต้นฉบับ - รีน (3.7M),รีน (3.7M),TRUE,2025-07-23T12:45:56.000Z,https://www.tiktok.com/@punyaphon041/video/7530257724072840466
https://p16-common-sign-sg.tiktokcdn-us.com/tos-alisg-avt-0068/51610c6033f1899f53d31404307aa1b0~tplv-tiktokx-cropcenter:720:720.jpeg?dr=9640&refresh_token=32dc4a55&x-expires=1753556400&x-signature=8aefBlpkOh5HM72OR%2F01KdaV5c0%3D&t=4d5b0474&ps=13740610&shp=a5d48078&shcp=81f88b70&idc=useast8,blackrose20010,บทเรียนนี้ จำและนำไปใช้ #พินเดือน #ขึ้นฟีดเถอะ #เทรนด์วันนี้ #คลินิกเสริมความงาม #คลินิกความงาม ,93,0,6019,13,18,เสียงต้นฉบับ - ชื่ออั๋น ไม่ใช่อัน🤍,ชื่ออั๋น ไม่ใช่อัน🤍,TRUE,2025-02-28T13:42:14.000Z,https://www.tiktok.com/@blackrose20010/video/7476464870095867141
https://p16-common-sign-sg.tiktokcdn-us.com/tos-alisg-avt-0068/5388ef41993fbc9e245d2f327bd1a586~tplv-tiktokx-cropcenter:720:720.jpeg?dr=9640&refresh_token=4e706282&x-expires=1753556400&x-signature=HPNXINJIeaBZuSu9Z0KJmYMcA6I%3D&t=4d5b0474&ps=13740610&shp=a5d48078&shcp=81f88b70&idc=useast8,jj_proud_clinic,บริการดี...... จริงปะเนี่ย 🤪😻😂 #เจเจพราวคลินิก #jjproudclinic #นวดสลายไขมัน #คลินิกเสริมความงาม #มีม #ตลก ,27,2,778,1,14,เสียงต้นฉบับ - น้องแยมราษี,น้องแยมราษี,TRUE,2025-07-22T05:21:26.000Z,https://www.tiktok.com/@jj_proud_clinic/video/7529772090413632786
https://p16-common-sign-sg.tiktokcdn-us.com/tos-alisg-avt-0068/b660ab797a4c5acbf831af5242e1c4e2~tplv-tiktokx-cropcenter:720:720.jpeg?dr=9640&refresh_token=c7c96e37&x-expires=1753556400&x-signature=jJJiLK%2FPtoxVdab6PCG6ZndLvdM%3D&t=4d5b0474&ps=13740610&shp=a5d48078&shcp=81f88b70&idc=useast8,kb2160541,น้องนี้เป็นสาวขอนแก่น🤍✨ #คลินิกเสริมความงาม #ขอนแก่น #สตอรี่_ความรู้สึก😔🖤🥀 #deerichclinic ,31,0,1451,1,15,สาวสะเร็นสะรันบ็อง - Preview,ชมพูนุช,FALSE,2024-10-12T06:32:46.000Z,https://www.tiktok.com/@kb2160541/video/7424773356592876808
https://p16-common-sign-sg.tiktokcdn-us.com/tos-alisg-avt-0068/2e4c20df0ad60a43611b46e091107908~tplv-tiktokx-cropcenter:720:720.jpeg?dr=9640&refresh_token=d5631b5d&x-expires=1753556400&x-signature=%2FCcBRp%2F51EJsxmMhgb1ly6jKn1Q%3D&t=4d5b0474&ps=13740610&shp=a5d48078&shcp=81f88b70&idc=useast8,pat0165,เต้นปลาสลิล🤣🤣 #คลินิกเสริมความงาม #ตลกๆขําๆ55 #ชอบเต้น ,3059,18,37600,47,15,เสียงต้นฉบับ - Piyamon_pat•,Piyamon•¥,TRUE,2024-10-09T05:53:26.000Z,https://www.tiktok.com/@pat0165/video/7423649972492569864
https://p19-common-sign-sg.tiktokcdn-us.com/tos-alisg-avt-0068/58ac41ef9a52b11a7548b6f52840c0f5~tplv-tiktokx-cropcenter:720:720.jpeg?dr=9640&refresh_token=8dad90bc&x-expires=1753556400&x-signature=gOUiBpFXIWctAYrZeKn33S8OvqU%3D&t=4d5b0474&ps=13740610&shp=a5d48078&shcp=81f88b70&idc=useast8,chanaclinicudonthani,โอ้ยๆๆใครมาเปิดเพลงอะไรแถวนี้คะ🤪🩵 #ชนาคลินิกอุดรธานี  #คลีนิคเสริมความงามอุดร #เทรนวันนี้ #คลินิกเสริมความงาม ,19,0,579,0,15,เสียงต้นฉบับ - ชนาคลินิกอุดรธานี,ชนาคลินิกอุดรธานี,TRUE,2025-06-07T09:10:17.000Z,https://www.tiktok.com/@chanaclinicudonthani/video/7513132234950462727
https://p16-common-sign-sg.tiktokcdn-us.com/tos-alisg-avt-0068/0f3f9e8062602b7c3feddd5f74481894~tplv-tiktokx-cropcenter:720:720.jpeg?dr=9640&refresh_token=8108f597&x-expires=1753556400&x-signature=Zq7iuAXXj0DXO7ggcZHHYrRZmmI%3D&t=4d5b0474&ps=13740610&shp=a5d48078&shcp=81f88b70&idc=useast8,tongdang.dang365,ตอบกลับ @nutty_ople #นวดหน้า #พิกัด #ร้านนวด #ผู้หญิงวัย40อัพ #ดูแลผิว #ผู้หญิงอย่าหยุดสวย #นวดหน้ายกกระชับ #เคล็ดลับความสวย #พี่แดงนวดหน้าเสริมความงาม ,41,0,693,1,30,เสียงต้นฉบับ - พี่แดงนวดหน้าเสริมความงาม,พี่แดงนวดหน้าเสริมความงาม,TRUE,2025-07-24T11:22:15.000Z,https://www.tiktok.com/@tongdang.dang365/video/7530607200876727569
https://p16-common-sign-useast2a.tiktokcdn-us.com/tos-useast2a-avt-0068-giso/0e0bcd70ab1358d25c2b2891885df45d~tplv-tiktokx-cropcenter:720:720.jpeg?dr=9640&refresh_token=6f207586&x-expires=1753556400&x-signature=8e7H%2Fray1nxbhaEgjgmN5mXrK%2B4%3D&t=4d5b0474&ps=13740610&shp=a5d48078&shcp=81f88b70&idc=useast8,stellarclinic,"พร้อมต้อนรับลูกค้าเสมอค่ะ 🙏🙇🏻‍♀️

#คอนเทนต์ #ตลกๆ #คลิปตลก #ลูกค้าที่รัก #คลินิกเสริมความงาม ",27,26,1832,2,35,เสียงต้นฉบับ - stellar clinic,stellar clinic,TRUE,2025-07-23T10:43:56.000Z,https://www.tiktok.com/@stellarclinic/video/7530226283834363143
https://p16-common-sign-sg.tiktokcdn-us.com/tos-alisg-avt-0068/cfc721185cad18fc8fcabc62c43a6437~tplv-tiktokx-cropcenter:720:720.jpeg?dr=9640&refresh_token=2216dd08&x-expires=1753556400&x-signature=7TlMUS9OHdcAPWYTPtz3fufz4RQ%3D&t=4d5b0474&ps=13740610&shp=a5d48078&shcp=81f88b70&idc=useast8,angelicbybebell,ทำยอดได้มั้ยน้อ #คลินิกเสริมความงาม #tiktok #angelic #ยอด ,45,1,692,0,13,เสียงต้นฉบับ - น้องแยมราษี,น้องแยมราษี,TRUE,2025-06-21T08:58:06.000Z,https://www.tiktok.com/@angelicbybebell/video/7518324141598969105
https://p16-common-sign-sg.tiktokcdn-us.com/tos-alisg-avt-0068/e611e1d5d8775c4f91e875f88fc8b592~tplv-tiktokx-cropcenter:720:720.jpeg?dr=9640&refresh_token=eaec97d7&x-expires=1753556400&x-signature=ZYIagDynXi31%2F1FZ6KIpgAGLYX0%3D&t=4d5b0474&ps=13740610&shp=a5d48078&shcp=81f88b70&idc=useast5,dr.kongphop,ตอบกลับ @hotmk … #โลโก้ #คลินิกเสริมความงาม #คลินิก #หมอ ,841,9,41300,13,68,อยากจะกอดเธอนาน ๆ (HAVE A GOOD TIME),BLVCKHEART,FALSE,2025-07-24T08:57:53.000Z,https://www.tiktok.com/@dr.kongphop/video/7530570001724542209
https://p16-common-sign-sg.tiktokcdn-us.com/tos-alisg-avt-0068/f70552457b57b72e260526a124c45e4e~tplv-tiktokx-cropcenter:720:720.jpeg?dr=9640&refresh_token=310a7aee&x-expires=1753556400&x-signature=KZ206kw7m9TW0dBaEDbI8lRItuM%3D&t=4d5b0474&ps=13740610&shp=a5d48078&shcp=81f88b70&idc=useast5,fangporshe,1เดือนกับการทำงาน ได้อะไรบ้าง?? #คลินิกเสริมความงาม #ผู้ช่วยแพทย์ความงาม #beautytherapist #fypシ #อย่าปิดการมองเห็น ,161,12,33300,15,6,Beat Automotivo Tan Tan Tan Viral,WZ Beat,FALSE,2023-02-12T08:20:39.000Z,https://www.tiktok.com/@fangporshe/video/7199181378150272262
https://p16-common-sign-sg.tiktokcdn-us.com/tos-alisg-avt-0068/31f77ce68f2e12e1cbb7d5ae9a8621a7~tplv-tiktokx-cropcenter:720:720.jpeg?dr=9640&refresh_token=0e5e2f1e&x-expires=1753556400&x-signature=r0y%2FU9o%2Fbv2PRrZ5ZTrMw8DwLvA%3D&t=4d5b0474&ps=13740610&shp=a5d48078&shcp=81f88b70&idc=useast5,wsnclinic,"แก้ปัญหาหนังตาตก คิ้วตก พร้อมปรับโหงวเฮ้ง !!
Subbrow Lift 📷 แก้ปัญหาหนังตาตกหย่อนคล้อย
ตาสวยเฉี่ยวอย่างมั่นใจ ลดอายุ หน้าเด็กจนคนทัก 📷

#ปากกระจับ #ศัลยกรรมตาสองชั้น #ยกคิ้ว #ยกหางตา #ดึงหน้า #ตัดแต่งถุงใต้ตา #ลักยิ้ม #ทำตาสองชั้นกับหมอพิกุล #ยืน1ศัลยกรรมตาสองชั้น #ทำตาสองชั้นที่ไหนดี #แก้จมูก #เสริมจมูก #เสริมคาง #แก้คาง #ตัดปีกจมูก #เสริมหน้าผาก #ตัดไขมันกระพุ้งแก้ม #ตัดเลเบียร์ #รีแพร์ช่องคลอด #หมอพิกุล #สาขาปิ่นเกล้า #โปรโมชั่น #คลินิกศัลยกรรม #wsnclinic #ดับเบิ้ลยูเอสเอ็นคลินิก #ศัลยกรรมความงาม",5,0,111,0,60,เสียงต้นฉบับ - WSN CLINIC ศัลยกรรมความงาม,WSN CLINIC ศัลยกรรมความงาม,TRUE,2025-07-24T14:00:00.000Z,https://www.tiktok.com/@wsnclinic/video/7530540184060939527
https://p16-common-sign-sg.tiktokcdn-us.com/tos-alisg-avt-0068/b612e9b0fd8483c6c5ca24bcd7768233~tplv-tiktokx-cropcenter:720:720.jpeg?dr=9640&refresh_token=6c88f7ee&x-expires=1753556400&x-signature=xJnItUyt6kr2FPvDuHkfzdLooVk%3D&t=4d5b0474&ps=13740610&shp=a5d48078&shcp=81f88b70&idc=useast5,nikkylimm,มาแล้วหรอกูรอตั้งนาน #eliteclinic #eliteclinicudon #บันเทิงtiktok #คนไทยเป็นคนตลก #คลินิกเสริมความงาม #อุดรธานี ,520,5,8688,37,6,original sound - ชีวิตเอเจนซี่,ชีวิตเอเจนซี่,TRUE,2025-05-17T13:04:19.000Z,https://www.tiktok.com/@nikkylimm/video/7505399752486391058
https://p16-common-sign-sg.tiktokcdn-us.com/tos-alisg-avt-0068/575f5765f50bb381ce37b2a510feaaf0~tplv-tiktokx-cropcenter:720:720.jpeg?dr=9640&refresh_token=b3990c75&x-expires=1753556400&x-signature=ov6RexVnDm8QbkUJDR2iVSuPDxg%3D&t=4d5b0474&ps=13740610&shp=a5d48078&shcp=81f88b70&idc=useast5,muay.style4,"ถ้าเปลี่ยนใครไม่ได้ ก็เปลี่ยนที่ตัวเองนะคะ
#สิ่งมีค่า  #ความสวย   #Beautystandard  #ผู้หญิง  #power  #womenownedbusiness  #women  #womantowoman  #รักตัวเอง  #womenoftiktok  #womenpowerment  #ผู้หญิงสวย  #พลังบวก  #ผู้หญิงต้องฟัง  #ออกกําลังกาย #นวดหน้า #ชีวิตคู่ #ชีวิตหลังเเต่งงาน ",60000,7516,695900,2519,38,เสียงต้นฉบับ - Muay Style,หมวย_BhuMhaiSpa,TRUE,2025-03-08T10:00:00.000Z,https://www.tiktok.com/@muay.style4/video/7478986733334318344
https://p16-common-sign-useast2a.tiktokcdn-us.com/tos-useast2a-avt-0068-giso/0ac9e7a12ad5917d9bcecf4ede442c89~tplv-tiktokx-cropcenter:720:720.jpeg?dr=9640&refresh_token=2b021202&x-expires=1753556400&x-signature=Oum%2Fe29jpmpItWYmZkWM5eIATM8%3D&t=4d5b0474&ps=13740610&shp=a5d48078&shcp=81f88b70&idc=useast5,dr.yingjingjai,"ถ้าทำ 5 สิ่งนี้คุณจะสวยขึ้น ?
#หมอ#หมอหญิงจริงใจ",22800,1648,337800,135,77,เสียงต้นฉบับ - หมอหญิงจริงใจ,หมอหญิงจริงใจ,TRUE,2024-09-20T09:25:24.000Z,https://www.tiktok.com/@dr.yingjingjai/video/7416653981717466386
https://p16-common-sign-sg.tiktokcdn-us.com/tos-alisg-avt-0068/026e8f0762c8931e90d18a759eae859d~tplv-tiktokx-cropcenter:720:720.jpeg?dr=9640&refresh_token=1bd84a14&x-expires=1753556400&x-signature=WhCTUTT6iQeHDzEFnONS5ta12Bs%3D&t=4d5b0474&ps=13740610&shp=a5d48078&shcp=81f88b70&idc=useast5,dpu.wellness,เมื่อต้องมาทำงานแต่เช้า #คลินิกติดเทรนต์ #DPUBeautyBuzz #ความงาม #คลินิกเสริมความงาม  #pov #Beauty #นักศึกษา ,523,9,6129,9,12,original sound - HappyBoonry,HappyBoonry,TRUE,2025-06-20T04:16:37.000Z,https://www.tiktok.com/@dpu.wellness/video/7517880655972240648
https://p16-common-sign-va.tiktokcdn-us.com/tos-maliva-avt-0068/90930bba366108998d5717e81594083c~tplv-tiktokx-cropcenter:720:720.jpeg?dr=9640&refresh_token=5f26a773&x-expires=1753556400&x-signature=tFiNoevpfFaNUzpWkrGLztKLLNw%3D&t=4d5b0474&ps=13740610&shp=a5d48078&shcp=81f88b70&idc=useast5,dr.chomclinic,"รอยยิ้มที่หายไป…….
 เป็นพนักงานใหม่ก็ยากพอแล้ว🤣🤣

#drchomclinic #คลินิกเสริมความงาม #เทรนด์วันนี้tiktok #ฟีดดดシ #เปิดการมองเห็นtiktok #คนไทยเป็นคนตลก #คอนเทนต์ ",79,29,8179,0,25,เสียงต้นฉบับ - ดอกเตอร์ชมคลินิก,ดอกเตอร์ชมคลินิก,TRUE,2025-05-29T11:08:20.000Z,https://www.tiktok.com/@dr.chomclinic/video/7509822874098634005
https://p16-common-sign-sg.tiktokcdn-us.com/tos-alisg-avt-0068/a3e45eb2184cb5707093ae777cf009f4~tplv-tiktokx-cropcenter:720:720.jpeg?dr=9640&refresh_token=ad02f22d&x-expires=1753556400&x-signature=O71Av2M6q4vdiMYpe3RxCDiFcEk%3D&t=4d5b0474&ps=13740610&shp=a5d48078&shcp=81f88b70&idc=useast8,areadeer,เต้นเรียกยอด เรียกลูกค้า#นิติพลคลินิก #คลินิกเสริมความงาม,4,0,627,0,22,เสียงต้นฉบับ - areadeer,areadeer,TRUE,2024-06-06T09:27:29.000Z,https://www.tiktok.com/@areadeer/video/7377319491279080712
https://p16-common-sign-va.tiktokcdn-us.com/tos-maliva-avt-0068/be5c4244883e80d7f382b4a919174c43~tplv-tiktokx-cropcenter:720:720.jpeg?dr=9640&refresh_token=3879af02&x-expires=1753556400&x-signature=kZJCXUPs5lLQyQKmyQv3lqW7W3A%3D&t=4d5b0474&ps=13740610&shp=a5d48078&shcp=81f88b70&idc=useast5,nachatclinicmsu,"พิกัด🫦 พิจะกัดมั้ยล่ะคะ😝
#ณฉัตรคลินิก #มมส #คลินิกเสริมความงาม #เปิดการมองเห็น ",416,36,23800,1,36,omg speed up,chaew ♡,TRUE,2023-11-16T14:10:27.000Z,https://www.tiktok.com/@nachatclinicmsu/video/7302062124644273414
https://p16-common-sign-sg.tiktokcdn-us.com/tos-alisg-avt-0068/16651434898b1cc12ddec067aebe10a8~tplv-tiktokx-cropcenter:720:720.jpeg?dr=9640&refresh_token=fc7e99fd&x-expires=1753556400&x-signature=8oED6tqwIEloZ3uDdBDMlZCygS0%3D&t=4d5b0474&ps=13740610&shp=a5d48078&shcp=81f88b70&idc=useast5,skincosmaclinic_skl,สอนน้องใหม่ ระงับอารมณ์  #คลินิกเสริมความงาม #ขึ้นฟีดเถอะ #สุไหงโกลก  #facialmuka #mukacantik #klinikkecantikan #klinikgolok #Trend #viral ,217,77,23000,14,15,เสียงต้นฉบับ - เบบี้โจลี่สตาร์⭐️,เบบี้โจลี่สตาร์⭐️,TRUE,2024-10-09T12:02:19.000Z,https://www.tiktok.com/@skincosmaclinic_skl/video/7423745037734874376
https://p16-common-sign-sg.tiktokcdn-us.com/tos-alisg-avt-0068/7332532548704141333~tplv-tiktokx-cropcenter:720:720.jpeg?dr=9640&refresh_token=38318d92&x-expires=1753556400&x-signature=ERAhP2NURgP%2Breq1sIo6lPkBmeM%3D&t=4d5b0474&ps=13740610&shp=a5d48078&shcp=81f88b70&idc=useast5,jitnapa.smildshop1,"RICECERA ไรซ์เซร่า - ผลิตภัณฑ์เสริมความงาม ดูแลผิว
แบบเม็ด โปร 2 กระปุก L3+ 1กล่อง (Siri'Brand) #tiktok ",13,0,91,12,27,DJ LEMON TREE SLOW REMIX,y_3ft_🅰️,TRUE,2024-04-28T08:16:56.000Z,https://www.tiktok.com/@jitnapa.smildshop1/video/7362828947199069441
https://p16-common-sign-sg.tiktokcdn-us.com/tos-alisg-avt-0068/9e08cffdb8b26389880466b093d968ef~tplv-tiktokx-cropcenter:720:720.jpeg?dr=9640&refresh_token=d5e714d2&x-expires=1753556400&x-signature=b4N1P5mtEuS58LNVW%2B%2FveVidBu0%3D&t=4d5b0474&ps=13740610&shp=a5d48078&shcp=81f88b70&idc=useast5,proudbangkokubon,#เทรนด์วันนี้ #พราวแบงคอกbyหมอน้ําเปล่า #คนสวยสายฮา #คลินิกเสริมความงาม #อุบลราชธานี ,3,0,54,0,7,เสียงต้นฉบับ - ProudbangkokUbon,ProudbangkokUbon,TRUE,2025-07-22T06:37:49.000Z,https://www.tiktok.com/@proudbangkokubon/video/7529791761930030343
https://p16-common-sign-sg.tiktokcdn-us.com/tos-alisg-avt-0068/33fa6ce794da4c7300ce387dedf5776a~tplv-tiktokx-cropcenter:720:720.jpeg?dr=9640&refresh_token=71c1b333&x-expires=1753556400&x-signature=kMRFCkw90BuvtsUtKzt1h%2FKIe4M%3D&t=4d5b0474&ps=13740610&shp=a5d48078&shcp=81f88b70&idc=useast5,unnieonn,🤭🤭#สาวเหนือ #คลินิกเสริมความงาม #สาวเชียงราย💙💚 ,18800,99,111100,231,9,เสียงต้นฉบับ - มายด์,มายด์,TRUE,2024-10-10T09:21:19.000Z,https://www.tiktok.com/@unnieonn/video/7424074631096585480
https://p16-common-sign-sg.tiktokcdn-us.com/tos-alisg-avt-0068/dc08ffd0d1341cb2596436a650051a67~tplv-tiktokx-cropcenter:720:720.jpeg?dr=9640&refresh_token=bbdf7ccd&x-expires=1753556400&x-signature=7FpeWYGISt1KLTgcHKbNjJSE83M%3D&t=4d5b0474&ps=13740610&shp=a5d48078&shcp=81f88b70&idc=useast5,ployradaclinic.bowin,ตั้งใจกว่าทำงานก็เล่นTiktok🤣 #พลอยรดาคลินิกสาขาบ่อวิน #ployranda #เปิดการมองเห็นtiktok #คลินิกเสริมความงาม ,56,1,1551,13,10,original sound,The Kelley Family,TRUE,2025-06-26T13:09:47.000Z,https://www.tiktok.com/@ployradaclinic.bowin/video/7520244571863895314
https://p16-common-sign-sg.tiktokcdn-us.com/tos-alisg-avt-0068/b200336574ea2d406448c49c4b621583~tplv-tiktokx-cropcenter:720:720.jpeg?dr=9640&refresh_token=9f4f5640&x-expires=1753556400&x-signature=kMfq0bEcs285%2FUmLOo9XX2zn1dU%3D&t=4d5b0474&ps=13740610&shp=a5d48078&shcp=81f88b70&idc=useast5,loahd_entertainment,วันนี้คุณเต้นไปกี่รอบ 😂 #LOAHD #คลินิกเสริมความงาม #tiktok #เต้น #เทรนวันนี้ ,26,0,1408,0,10,เสียงต้นฉบับ - Loahd_Entertainment,Loahd_Entertainment,TRUE,2024-09-07T12:54:22.000Z,https://www.tiktok.com/@loahd_entertainment/video/7411883724410850578
https://p16-common-sign-sg.tiktokcdn-us.com/tos-alisg-avt-0068/dfd1db8ada31a9a8b192a3a0e18c391f~tplv-tiktokx-cropcenter:720:720.jpeg?dr=9640&refresh_token=a21701d3&x-expires=1753556400&x-signature=dCLaxNmeMWz5wnUAEyKURr1zX78%3D&t=4d5b0474&ps=13740610&shp=a5d48078&shcp=81f88b70&idc=useast5,parnsiriclinic_korat,"มึงไหวป่ะ แต่ทีมคอนเทนต์ไม่ไหวแล้ว 🥹

#Parnsiricute #คลินิกเสริมความงาม #คลินิกเสริมความงามโคราช #pov #fypシ゚ #ไหวป่ะ #คลินิกตลก #น่ารัก",13,3,196,2,7,เสียงต้นฉบับ - Parnsiri Cute,Parnsiri Cute,TRUE,2025-07-11T12:00:00.000Z,https://www.tiktok.com/@parnsiriclinic_korat/video/7525689207268871432
https://p16-pu-sign-useast8.tiktokcdn-us.com/tos-useast8-avt-0068-tx2/c7fadf16a4892fe9e17faa7260872f75~tplv-tiktokx-cropcenter:720:720.jpeg?dr=9640&refresh_token=fa7b6d05&x-expires=1753556400&x-signature=Yi8JskO2nsF7kb0wnbHAFpdn72w%3D&t=4d5b0474&ps=13740610&shp=a5d48078&shcp=81f88b70&idc=useast5,tmplasticsurgery,"Lift, tighten, and rejuvenate with Fotona 4D✨
#CapCut #fotona4d #fotonalaser #naturalbeauty #plasticsurgery #beauty ",5,0,179,1,10,Lazy Sunday,Official Sound Studio,FALSE,2025-07-21T20:48:16.000Z,https://www.tiktok.com/@tmplasticsurgery/video/7529639771459669279
https://p16-common-sign-va.tiktokcdn-us.com/tos-maliva-avt-0068/a68dc9ce37f13b02d44beb465aeacd9b~tplv-tiktokx-cropcenter:720:720.jpeg?dr=9640&refresh_token=c2ff511d&x-expires=1753556400&x-signature=8TYaep1fKd1NAiCI6jhXnw3MvW8%3D&t=4d5b0474&ps=13740610&shp=a5d48078&shcp=81f88b70&idc=useast5,user7172471684266,"แปรงยางสำหรับขอบล้อรถ แปรงทำความสะอาดอัตโนมัติอเนกประสงค์ อุปกรณ์เสริมความงามในรถยนต์ แปรงล้างจักรยานและรถจักรยานยนต์ ราคา ฿99.08
รีบเลย - สิ้นสุดวันนี้!",12,1,334,1,32,เสียงต้นฉบับ - กา นายหน้าออนไลน์,กา นายหน้าออนไลน์,TRUE,2024-02-09T03:06:46.000Z,https://www.tiktok.com/@user7172471684266/video/7333433293506891009
https://p16-common-sign-sg.tiktokcdn-us.com/tos-alisg-avt-0068/f41e2c9055d701c63cd2db16e6cb387f~tplv-tiktokx-cropcenter:720:720.jpeg?dr=9640&refresh_token=bd39375c&x-expires=1753556400&x-signature=0aLr1UedFDGnHSWccIA3Bjy4xGc%3D&t=4d5b0474&ps=13740610&shp=a5d48078&shcp=81f88b70&idc=useast5,ployrada.starrayong,อย่าทำงานหนักจนลืมทำคอนเทนต์😂#พนักงานคลีนิก #คลีนิคเสริมความงาม #พลอยรดาคลินิกสาขาสตาร์ไอทีเซ็นเตอร์ #เทรนวันนี้ ,46,5,1167,2,11,เสียงต้นฉบับ - พลอยรดา คลินิก : สตาร์ ไอที,พลอยรดา คลินิก : สตาร์ ไอที,TRUE,2025-07-20T12:39:28.000Z,https://www.tiktok.com/@ployrada.starrayong/video/7529142803545296135
