Beauty,Fitness,Food
skincare,workout,healthy eating
makeup,yoga,organic food
lipstick,cardio,vegan
eyeliner,strength training,vegetarian
foundation,HIIT,gluten-free
serum,running,paleo
facial cleanser,cycling,keto
moisturizer,home workout,meal prep
sunscreen,gym routine,snacks
anti-aging,personal trainer,breakfast
face mask,fitness tracker,lunch
beauty routine,protein powder,dinner
toner,pre workout,brunch
acne treatment,post workout,smoothies
organic beauty,stretching,juicing
BB cream,muscle gain,superfoods
CC cream,fat loss,food delivery
concealer,core workout,home cooking
highlighter,pilates,meal plan
blush,crossfit,food blogger
beauty blender,fitness challenge,comfort food
micellar water,bodyweight workout,international cuisine
facial oil,resistance bands,street food
eye cream,calisthenics,food photography
peel off mask,bench press,foodie
hair care,squat,low-carb
nail polish,deadlift,low-fat
spa treatment,plank,protein rich
beauty tips,treadmill,salad recipes
cosmetic bag,elliptical,baking
beauty influencer,step count,grilling
beauty hack,hydration,slow cooker
K-beauty,fitness motivation,instant pot
J-beauty,fitness app,air fryer
hydrating mist,meal prep,fermented foods
face scrub,rest day,probiotics
skin brightening,fitness goals,spices
botox,BMI,herbs
derma roller,VO2 max,food truck
chemical peel,stretch routine,restaurant review
lip balm,recovery,dessert recipes
beauty box,heart rate monitor,chocolate
beauty subscription,fitness influencer,coffee
clean beauty,group class,tea
vegan skincare,fitness plan,herbal tea
night cream,weight loss,grocery list
day cream,body composition,budget meals
beauty salon,kettlebell,leftovers
lash extensions,foam roller,nutrition tips
brow shaping,jump rope,family meals
washed,,
hair,,
